Site,Quadrat,Life_history,Photosynthetic_pathway,G_F,Group,Weight
SCOLO,Q2,P,C3,F,PF-C3,1.55
SCOLO,Q4,P,C4,G,PG-C4,49.52
NM,Q14,P,C4,G,PG-C4,39.01
TX,Q16,P,C4,G,PG-C4,36.17
NM,Q3,P,C4,G,PG-C4,36.15
NM,Q6,P,C4,G,PG-C4,34.95
NM,Q4,P,C4,G,PG-C4,34.82
NM,Q17,P,C4,G,PG-C4,34.78
TX,Q15,P,C4,G,PG-C4,34.64
TX,Q12,P,C4,G,PG-C4,33.93
NM,Q18,P,C4,G,PG-C4,33.06
NM,Q12,P,C4,G,PG-C4,32.17
MT,Q10,P,C3,G,PG-C3,32.03
TX,Q1,P,C4,G,PG-C4,31.44
TX,Q6,P,C4,G,PG-C4,31.32
NM,Q19,P,C4,G,PG-C4,31.3
NM,Q5,P,C4,G,PG-C4,29.1
NM,Q10,P,C4,G,PG-C4,29.07
TX,Q5,P,C4,G,PG-C4,28.83
NM,Q13,P,C4,G,PG-C4,27.69
NM,Q16,P,C4,G,PG-C4,27.42
NCOLO,Q15,P ,C4,G,P G-C4,27.4
SCOLO,Q1,P,C4,G,PG-C4,27.13
TX,Q3,P,C4,G,PG-C4,26.89
SCOLO,Q7,P,C4,G,PG-C4,26.49
TX,Q11,P,C4,G,PG-C4,26.12
MT,Q9,P,C3,G,PG-C3,26.11
NM,Q11,P,C4,G,PG-C4,25.64
SCOLO,Q8,P,C4,G,PG-C4,25.44
TX,Q18,P,C4,G,PG-C4,25.26
SCOLO,Q14,P,C4,G,PG-C4,25.2
NCOLO,Q10,P ,C4,G,P G-C4,25.1
SCOLO,Q5,P,C4,G,PG-C4,25.01
MT,Q4,P,C3,G,PG-C3,24.68
NCOLO,Q3,P ,C4,G,P G-C4,24.67
NCOLO,Q8,P ,C4,G,P G-C4,24.61
NCOLO,Q20,P ,C4,G,P G-C4,24.44
SCOLO,Q9,P,C4,G,PG-C4,24.27
SASK,Q19,P,C3,G,PG-C3,24.1
SCOLO,Q11,P,C4,G,PG-C4,23.58
SCOLO,Q19,P,C4,G,PG-C4,23.55
NM,Q7,P,C4,G,PG-C4,23.39
SASK,Q14,P,C3,G,PG-C3,23.13
WY,Q9,P,C3,G,PG-C3,22.82
MT,Q12,P,C3,G,PG-C3,22.75
NM,Q9,P,C4,G,PG-C4,22
NM,Q20,P,C4,G,PG-C4,21.48
NCOLO,Q11,P ,C4,G,P G-C4,21.36
NM,Q8,P,C4,G,PG-C4,21.3
TX,Q14,P,C4,G,PG-C4,21.17
SASK,Q9,P,C3,G,PG-C3,21.16
TX,Q17,P,C4,G,PG-C4,21.15
NM,Q2,P,C4,G,PG-C4,20.92
NCOLO,Q14,P ,C4,G,P G-C4,20.4
SASK,Q2,P,C3,G,PG-C3,19.79
NM,Q15,P,C4,G,PG-C4,19.69
TX,Q4,P,C4,G,PG-C4,19.51
SASK,Q10,P,C3,G,PG-C3,18.83
NCOLO,Q2,P ,C4,G,P G-C4,18.74
SASK,Q18,P,C3,G,PG-C3,18.67
MT,Q13,P,C3,G,PG-C3,18.41
NCOLO,Q17,P ,C4,G,P G-C4,18.25
SASK,Q8,P,C3,G,PG-C3,18.14
MT,Q19,P,C3,G,PG-C3,18.11
SASK,Q13,P,C3,G,PG-C3,17.87
SASK,Q5 ,P,C3,G,PG-C3,17.78
SASK,Q4,P,C3,G,PG-C3,17.75
NCOLO,Q5,P ,C4,G,P G-C4,17.47
NCOLO,Q12,P ,C4,G,P G-C4,16.95
SASK,Q15,P,C3,G,PG-C3,16.87
TX,Q2,P,C4,G,PG-C4,16.86
SCOLO,Q13,P,C4,G,PG-C4,16.66
SASK,Q12,P,C3,G,PG-C3,16.65
MT,Q17,P,C3,G,PG-C3,16.55
TX,Q20,P,C4,G,PG-C4,16.51
NCOLO,Q16,P ,C4,G,P G-C4,16.43
WY,Q15,P,C3,G,PG-C3,16.42
SCOLO,Q20,P,C4,G,PG-C4,16.4
TX,Q13,P,C4,G,PG-C4,16.36
TX,Q10,P,C4,G,PG-C4,15.81
SCOLO,Q16,P,C4,G,PG-C4,15.8
SCOLO,Q15,P,C4,G,PG-C4,15.62
SASK,Q11,P,C3,G,PG-C3,15.4
SASK,Q17,P,C3,G,PG-C3,15.38
SCOLO,Q6,A,C3,F,AF-C3,15.31
TX,Q19,P,C4,G,PG-C4,15.23
NCOLO,Q7,P ,C4,G,P G-C4,15.16
SASK,Q7,P,C3,G,PG-C3,15.13
TX,Q20,P,C4,G,PG-C4,15.07
WY,Q3,P,C3,G,PG-C3,14.89
SASK,Q16,P,C3,G,PG-C3,14.8
NCOLO,Q19,P ,C4,G,P G-C4,14.77
MT,Q2,P,C3,G,PG-C3,14.72
SASK,Q1,P,C3,G,PG-C3,14.69
MT,Q8,P,C3,G,PG-C3,14.6
SCOLO,Q2,P,C4,G,PG-C4,14.58
SASK,Q20,P,C3,G,PG-C3,14.57
SCOLO,Q10,P,C4,G,PG-C4,14.52
SASK,Q6,P,C3,G,PG-C3,14.49
SCOLO,Q18,P,C4,G,PG-C4,14.44
NCOLO,Q9,P ,C4,G,P G-C4,14.3
WY,Q7,P,C3,G,PG-C3,13.98
SASK,Q3,P,C3,G,PG-C3,13.42
MT,Q15,P,C3,G,PG-C3,12.96
SCOLO,Q3,P,C4,G,PG-C4,12.87
TX,Q9,P,C4,G,PG-C4,12.23
NCOLO,Q1,P ,C4,G,P G-C4,11.86
MT,Q6,P,C3,G,PG-C3,11.83
WY,Q4,P,C3,G,PG-C3,11.83
NM,Q1,P,C4,G,PG-C4,11.81
MT,Q5,P,C3,G,PG-C3,11.71
TX,Q7,P,C4,G,PG-C4,11.42
MT,Q1,P,C3,G,PG-C3,11.35
NCOLO,Q18,P ,C4,G,P G-C4,11.09
WY,Q6,P,C3,G,PG-C3,11.08
SCOLO,Q12,P,C4,G,PG-C4,11.05
NCOLO,Q18,P ,C3,F,P F-C3,11.03
WY,Q1,P,C4,G,PG-C4,10.98
WY,Q19,P,C3,G,PG-C3,10.89
WY,Q2,A,C3,G,AG-C3,10.59
TX,Q8,P,C4,G,PG-C4,10
WY,Q12,P,C3,G,PG-C3,9.85
MT,Q14,P,C3,G,PG-C3,9.61
NCOLO,Q4,P ,C4,G,P G-C4,9.53
MT,Q3,P,C3,G,PG-C3,9.44
SCOLO,Q3,P,C4,G,PG-C4,8.7
NCOLO,Q13,P ,C4,G,P G-C4,8.66
NM,Q6,A,C3,F,AF-C3,8.32
MT,Q20,P,C3,G,PG-C3,8.23
WY,Q8,P,C3,G,PG-C3,8.22
NM,Q3,A,C3,F,AF-C3,8.2
TX,Q9,P,C4,G,PG-C4,8.1
WY,Q17,P,C4,G,PG-C4,8.06
NM,Q1,A,C3,F,AF-C3,8.05
WY,Q5,P,C3,G,PG-C3,8.04
MT,Q18,P,C3,G,PG-C3,8.02
NM,Q8,A,C3,F,AF-C3,8.01
SCOLO,Q18,A ,C3,F,A F-C3,8
WY,Q14,A,C3,G,AG-C3,7.73
WY,Q14,P,C3,G,PG-C3,7.68
NM,Q20,A,C3,F,AF-C3,7.68
TX,Q2,P,C4,G,PG-C4,7.68
NCOLO,Q6,A ,C4,F,A F-C4,7.65
SASK,Q20,P,C3,G,PG-C3,7.5
WY,Q20,P,C4,G,PG-C4,7.44
MT,Q16,P,C3,G,PG-C3,7.43
WY,Q4,P,C4,G,PG-C4,7.31
SCOLO,Q19,P,C3,F,PF-C3,7.29
WY,Q18,P,C3,G,PG-C3,7.15
WY,Q11,P,C4,G,PG-C4,7.08
NM,Q13,P,C3,F,PF-C3,6.95
SASK,Q19,P,C3,G,PG-C3,6.88
SASK,Q12,P,C3,G,PG-C3,6.78
SCOLO,Q7,P,C4,G,PG-C4,6.77
SCOLO,Q17,P,C4,G,PG-C4,6.67
SASK,Q3,P,C3,G,PG-C3,6.56
WY,Q10,P,C3,G,PG-C3,6.49
NM,Q18,P,C3,F,PF-C3,6.29
NCOLO,Q19,P ,C3,F,P F-C3,6.28
TX,Q18,P,C4,G,PG-C4,6.27
TX,Q8,P,C4,G,PG-C4,6.22
TX,Q8,P,C3,F,PF-C3,6.13
TX,Q7,P,C4,G,PG-C4,6.12
SASK,Q16,P,C3,G,PG-C3,5.84
SCOLO,Q6,P,C4,G,PG-C4,5.83
WY,Q16,P,C4,G,PG-C4,5.8
WY,Q6,P,C3,G,PG-C3,5.78
MT,Q7,P,C3,G,PG-C3,5.73
WY,Q5,P,C4,G,PG-C4,5.64
NCOLO,Q5,A ,C4,F,A F-C4,5.62
SCOLO,Q6,P,C3,F,PF-C3,5.55
SASK,Q6,P,C3,G,PG-C3,5.45
SCOLO,Q10,P,C3,F,PF-C3,5.1
NM,Q20,P,C3,F,PF-C3,4.95
SASK,Q4,P,C3,G,PG-C3,4.73
WY,Q5,A,C3,G,AG-C3,4.71
SASK,Q1,P,C3,G,PG-C3,4.65
TX,Q11,P,C3,F,PF-C3,4.63
WY,Q2,P,C3,G,PG-C3,4.51
SCOLO,Q8,A,C3,F,AF-C3,4.42
NM,Q10,P,C3,F,PF-C3,4.3
WY,Q2,P,C4,G,PG-C4,4.29
SASK,Q2,P,C3,G,PG-C3,4.28
SASK,Q5 ,P,C3,F,PF-C3,4.21
MT,Q11,P,C4,G,PG-C4,4.13
SASK,Q14,P,C3,G,PG-C3,4.08
SASK,Q15,P,C3,G,PG-C3,4.01
TX,Q10,P,C4,G,PG-C4,4.01
WY,Q15,P,C3,G,PG-C3,3.93
NCOLO,Q18,A ,C4,F,A F-C4,3.92
NM,Q4,P,C3,F,PF-C3,3.84
SASK,Q17,P,C3,G,PG-C3,3.7
NM,Q2,A,C3,F,AF-C3,3.68
SASK,Q11,P,C3,G,PG-C3,3.65
SCOLO,Q20,P,C3,F,PF-C3,3.6
WY,Q1,P,C3,G,PG-C3,3.52
WY,Q16,P,C3,G,PG-C3,3.52
NCOLO,Q8,P ,C3,G,P G-C3,3.48
WY,Q11,A,C3,G,AG-C3,3.38
SASK,Q13,P,C3,G,PG-C3,3.36
SASK,Q7,P,C3,G,PG-C3,3.34
WY,Q10,P,C4,G,PG-C4,3.33
TX,Q13,P,C3,F,PF-C3,3.33
NM,Q3,P,C3,F,PF-C3,3.26
NCOLO,Q17,P ,C3,G,P G-C3,3.25
SASK,Q8,P,C3,G,PG-C3,3.19
SCOLO,Q16,P,C3,F,PF-C3,3.13
TX,Q1,P,C3,F,PF-C3,3.1
WY,Q18,A,C3,F,AF-C3,3.06
TX,Q20,A ,C3,F,A F-C3,3.06
SCOLO,Q7,A,C3,F,AF-C3,2.92
WY,Q20,P,C3,G,PG-C3,2.91
MT,Q18,P,C3,F,PF-C3,2.9
TX,Q2,A ,C4,F,A F-C4,2.88
WY,Q8,P,C4,G,PG-C4,2.76
NM,Q14,A,C3,F,AF-C3,2.64
TX,Q5,P,C4,G,PG-C4,2.6
TX,Q1,A ,C4,F,A F-C4,2.55
WY,Q14,A,C3,F,AF-C3,2.53
WY,Q7,P,C3,G,PG-C3,2.53
SCOLO,Q15,P,C3,F,PF-C3,2.51
SCOLO,Q17,A ,C3,F,A F-C3,2.43
SCOLO,Q1,P,C3,F,PF-C3,2.43
SASK,Q15,P,C3,F,PF-C3,2.4
WY,Q14,P,C4,G,PG-C4,2.39
WY,Q3,P,C3,G,PG-C3,2.38
WY,Q12,P,C3,G,PG-C3,2.38
NM,Q9,A,C3,F,AF-C3,2.38
SASK,Q16,A,C3,F,AF-C3,2.35
TX,Q19,A ,C4,F,A F-C4,2.35
WY,Q12,P,C4,G,PG-C4,2.31
WY,Q2,A,C3,G,AG-C3,2.28
NCOLO,Q16,A ,C3,F,A F-C3,2.27
WY,Q12,A,C3,G,AG-C3,2.26
WY,Q16,A,C3,G,AG-C3,2.24
WY,Q3,P,C3,G,PG-C3,2.21
WY,Q15,P,C4,G,PG-C4,2.21
TX,Q17,P,C3,F,PF-C3,2.21
TX,Q13,A ,C3,F,A F-C3,2.12
WY,Q4,P,C3,G,PG-C3,2.11
SASK,Q9,P,C3,G,PG-C3,2.1
SCOLO,Q5,P,C3,F,PF-C3,2.1
TX,Q14,A ,C3,F,A F-C3,2.09
NM,Q11,P,C3,F,PF-C3,2.08
TX,Q19,P,C4,G,PG-C4,2.07
SASK,Q10,P,C3,G,PG-C3,2.04
WY,Q9,A,C3,G,AG-C3,1.98
SASK,Q17,P,C3,F,PF-C3,1.97
WY,Q20,P,C3,G,PG-C3,1.97
WY,Q18,A,C3,G,AG-C3,1.93
WY,Q3,P,C4,G,PG-C4,1.92
TX,Q8,A ,C4,F,A F-C4,1.91
NM,Q4,A,C3,F,AF-C3,1.89
WY,Q10,P,C3,G,PG-C3,1.84
WY,Q18,P,C3,G,PG-C3,1.79
SASK,Q7,P,C3,F,PF-C3,1.78
WY,Q1,P,C3,G,PG-C3,1.74
WY,Q8,P,C3,G,PG-C3,1.73
WY,Q14,P,C3,G,PG-C3,1.73
WY,Q6,A,C3,G,AG-C3,1.71
SASK,Q4,P,C3,F,PF-C3,1.69
SCOLO,Q14,P,C3,F,PF-C3,1.68
NCOLO,Q4,A ,C4,F,A F-C4,1.62
NM,Q5,P,C3,F,PF-C3,1.62
WY,Q19,P,C3,G,PG-C3,1.6
SASK,Q2,P,C3,F,PF-C3,1.59
NM,Q11,A,C3,F,AF-C3,1.58
WY,Q7,P,C3,G,PG-C3,1.57
MT,Q15,P,C3,F,PF-C3,1.56
NCOLO,Q11,P ,C3,G,P G-C3,1.56
WY,Q9,P,C4,G,PG-C4,1.55
NCOLO,Q10,P ,C3,F,P F-C3,1.54
WY,Q1,A,C3,G,AG-C3,1.42
NM,Q2,P,C3,F,PF-C3,1.42
SASK,Q20,P,C3,F,PF-C3,1.39
SCOLO,Q3,P,C3,F,PF-C3,1.38
WY,Q9,P,C3,G,PG-C3,1.37
SASK,Q11,P,C3,F,PF-C3,1.35
NCOLO,Q6,P ,C3,F,P F-C3,1.35
NCOLO,Q13,A ,C4,F,A F-C4,1.34
WY,Q11,P,C3,G,PG-C3,1.3
TX,Q5,P,C3,F,PF-C3,1.3
MT,Q11,P,C3,G,PG-C3,1.27
SASK,Q12,P,C3,F,PF-C3,1.26
WY,Q12,A,C3,F,AF-C3,1.26
SASK,Q6,P,C3,F,PF-C3,1.25
WY,Q19,A,C3,G,AG-C3,1.24
NCOLO,Q2,A ,C3,F,A F-C3,1.21
WY,Q17,P,C3,G,PG-C3,1.19
WY,Q18,P,C4,G,PG-C4,1.19
SCOLO,Q17,P,C3,F,PF-C3,1.17
WY,Q6,A,C3,F,AF-C3,1.1
SCOLO,Q13,P,C3,F,PF-C3,1.1
WY,Q7,A,C3,F,AF-C3,1.08
WY,Q5,P,C3,G,PG-C3,1.07
WY,Q7,P,C4,G,PG-C4,1.06
NM,Q10,A,C3,F,AF-C3,1.06
NCOLO,Q3,P ,C3,G,P G-C3,1.05
NM,Q7,P,C3,F,PF-C3,1.04
WY,Q9,P,C3,G,PG-C3,1.03
NM,Q9,P,C3,F,PF-C3,1.03
WY,Q11,P,C3,G,PG-C3,1.01
SASK,Q1,P,C3,F,PF-C3,0.96
WY,Q16,P,C3,G,PG-C3,0.96
WY,Q5,A,C3,F,AF-C3,0.95
WY,Q17,P,C3,G,PG-C3,0.94
SASK,Q9,A,C3,F,AF-C3,0.92
NM,Q12,P,C3,F,PF-C3,0.92
TX,Q16,A ,C3,F,A F-C3,0.92
WY,Q14,P,C3,G,PG-C3,0.91
TX,Q20,A ,C3,F,A F-C3,0.9
TX,Q2,P,C4,G,PG-C4,0.9
MT,Q14,A,C3,G,AG-C3,0.89
WY,Q10,A,C3,F,AF-C3,0.88
WY,Q19,P,C4,G,PG-C4,0.88
SASK,Q9,P,C3,F,PF-C3,0.84
NCOLO,Q13,P ,C3,F,P F-C3,0.83
NCOLO,Q7,A ,C4,F,A F-C4,0.82
SASK,Q10,P,C3,F,PF-C3,0.8
SASK,Q13,P,C3,F,PF-C3,0.79
NCOLO,Q1,P ,C3,G,P G-C3,0.79
WY,Q8,A,C3,F,AF-C3,0.75
WY,Q20,A,C3,G,AG-C3,0.75
NCOLO,Q14,P ,C3,G,P G-C3,0.75
WY,Q6,P,C3,G,PG-C3,0.72
NM,Q7,A,C3,F,AF-C3,0.72
WY,Q19,P,C3,G,PG-C3,0.71
SASK,Q18,P,C3,G,PG-C3,0.7
MT,Q11,A,C3,F,AF-C3,0.67
WY,Q12,P,C3,F,PF-C3,0.67
NCOLO,Q2,P ,C3,G,P G-C3,0.65
MT,Q20,P,C3,F,PF-C3,0.64
SASK,Q15,P,C3,F,PF-C3,0.6
NCOLO,Q9,P ,C3,F,P F-C3,0.6
NCOLO,Q16,P ,C3,F,P F-C3,0.6
NM,Q15,A,C3,F,AF-C3,0.59
SCOLO,Q16,A,C3,F,AF-C3,0.58
NCOLO,Q19,P ,C3,G,P G-C3,0.57
WY,Q16,A,C3,F,AF-C3,0.55
TX,Q10,A ,C4,F,A F-C4,0.55
MT,Q20,P,C3,G,PG-C3,0.54
WY,Q4,A,C3,F,AF-C3,0.53
SASK,Q8,P,C3,F,PF-C3,0.52
TX,Q10,P,C3,F,PF-C3,0.52
WY,Q3,A,C3,F,AF-C3,0.51
TX,Q18,A ,C3,F,A F-C3,0.51
NCOLO,Q4,P ,C3,G,P G-C3,0.5
MT,Q15,P,C3,G,PG-C3,0.46
WY,Q9,A,C3,F,AF-C3,0.46
SASK,Q2,A,C3,F,AF-C3,0.45
WY,Q8,A,C3,G,AG-C3,0.45
SCOLO,Q15,A,C3,F,AF-C3,0.44
WY,Q1,A,C3,F,AF-C3,0.43
MT,Q5,A,C3,F,AF-C3,0.38
MT,Q7,P,C3,G,PG-C3,0.38
NCOLO,Q7,P ,C3,F,P F-C3,0.38
MT,Q13,A,C3,F,AF-C3,0.37
SASK,Q17,P,C3,F,PF-C3,0.36
MT,Q12,P,C3,G,PG-C3,0.36
MT,Q17,P,C3,G,PG-C3,0.36
SASK,Q3,P,C3,F,PF-C3,0.35
SASK,Q19,P,C3,F,PF-C3,0.35
WY,Q2,P,C3,F,PF-C3,0.34
TX,Q15,P,C3,F,PF-C3,0.34
WY,Q8,P,C3,G,PG-C3,0.33
SASK,Q4,A,C3,F,AF-C3,0.32
WY,Q3,A,C3,G,AG-C3,0.32
SCOLO,Q9,A,C3,F,AF-C3,0.32
SCOLO,Q12,P,C3,F,PF-C3,0.32
WY,Q10,P,C3,G,PG-C3,0.31
NM,Q1,P,C4,G,PG-C4,0.31
NCOLO,Q20,P ,C3,G,P G-C3,0.3
SASK,Q14,P,C3,F,PF-C3,0.29
WY,Q20,A,C3,F,AF-C3,0.29
WY,Q4,P,C3,G,PG-C3,0.29
TX,Q14,P,C3,F,PF-C3,0.29
WY,Q4,A,C3,G,AG-C3,0.28
WY,Q18,P,C3,G,PG-C3,0.27
MT,Q3,P,C3,G,PG-C3,0.25
WY,Q15,A,C3,G,AG-C3,0.25
NCOLO,Q8,A ,C3,G,A G-C3,0.25
NCOLO,Q15,P ,C3,G,P G-C3,0.25
MT,Q16,P,C3,F,PF-C3,0.23
WY,Q16,P,C3,G,PG-C3,0.23
MT,Q19,A,C3,G,AG-C3,0.22
WY,Q2,P,C3,G,PG-C3,0.22
MT,Q14,P,C3,F,PF-C3,0.21
WY,Q14,P,C3,F,PF-C3,0.21
NCOLO,Q20,A ,C3,G,A G-C3,0.21
WY,Q2,A,C3,F,AF-C3,0.2
WY,Q2,P,C3,G,PG-C3,0.2
WY,Q17,A,C3,F,AF-C3,0.18
WY,Q11,P,C3,G,PG-C3,0.18
WY,Q12,A,C3,G,AG-C3,0.17
WY,Q1,P,C3,G,PG-C3,0.17
NCOLO,Q8,P ,C3,F,P F-C3,0.17
WY,Q10,A,C3,G,AG-C3,0.16
MT,Q8,A,C3,F,AF-C3,0.15
TX,Q9,P,C3,F,PF-C3,0.15
SASK,Q16,P,C3,F,PF-C3,0.14
MT,Q2,P,C3,G,PG-C3,0.13
MT,Q16,A,C3,F,AF-C3,0.13
TX,Q12,P,C3,F,PF-C3,0.13
TX,Q17,P,C4,G,PG-C4,0.13
SASK,Q13,P,C3,F,PF-C3,0.12
WY,Q17,A,C3,G,AG-C3,0.12
SASK,Q18,P,C3,F,PF-C3,0.1
MT,Q12,P,C3,F,PF-C3,0.1
MT,Q14,P,C3,G,PG-C3,0.1
WY,Q15,A,C3,F,AF-C3,0.1
WY,Q19,A,C3,F,AF-C3,0.1
WY,Q6,P,C4,G,PG-C4,0.1
NCOLO,Q3,A ,C3,F,A F-C3,0.09
SASK,Q8,A,C3,F,AF-C3,0.08
SASK,Q15,A,C3,F,AF-C3,0.08
SASK,Q19,A,C3,F,AF-C3,0.08
SASK,Q5 ,P,C3,F,PF-C3,0.06
TX,Q4,P,C3,F,PF-C3,0.06
SASK,Q1,P,C3,F,PF-C3,0.05