"Year","Day","Lyr_1","Lyr_2","Lyr_3","Lyr_4","Lyr_5","Lyr_6","Lyr_7","Lyr_8","site"
2025,1,24.0031620255683,15.7870579122988,15.0072722260767,15.001354466723,15.0010177597991,14.9995620907466,15.0004520399966,15.0002910531734,"NM"
2025,2,38.8761268598117,17.0267638492804,15.0294542884354,15.0030063051318,15.0020571416844,14.999143613495,15.0009041478725,15.0005869500146,"NM"
2025,3,71.0589452795751,19.2967700838955,15.0757923891666,15.0057834271212,15.0035371572364,14.9990380062104,15.0015423847793,15.001005350509,"NM"
2025,4,74.8131177311587,19.9408981158617,15.1276591005712,15.0091702835571,15.0050052168275,14.998915954745,15.0021583178114,15.0014142087493,"NM"
2025,5,78.7316955908532,20.6131723180442,15.1854055615742,15.0135369939136,15.0067158768558,14.9989526253654,15.0028629459976,15.0018836737743,"NM"
2025,6,81.6965830444116,21.1468767171476,15.2444465092335,15.0176789745723,15.0077455040712,15.0150000819633,15.0033575628288,15.0021568183029,"NM"
2025,7,84.6460941828122,21.7892630955,15.3101163310995,15.0227530566147,15.0088853650675,15.0144683869968,15.003859068042,15.0024383405255,"NM"
2025,8,87.5836663523583,22.4462243200407,15.3805517179058,15.0286921534594,15.0100972586817,15.0139538057579,15.0043570468608,15.0027234208905,"NM"
2025,9,90.5104437184183,23.1179953316343,15.4556622165375,15.0355376895326,15.0113903084603,15.0134552665376,15.0048506780464,15.0030114032131,"NM"
2025,10,92.3862327349179,23.7391099240807,15.5347571701305,15.0432222844344,15.0126943431071,15.012914960032,15.0053031425831,15.0032788454099,"NM"
2025,11,94.2712437895355,24.372490396917,15.6178432350403,15.0518313056172,15.0140625329406,15.0123630430813,15.0057332698044,15.0035375280795,"NM"
2025,12,96.1648351608725,25.0192739755363,15.7056293546314,15.0619972684594,15.0159848080908,15.0121412607045,15.0063573109772,15.0039241917571,"NM"
2025,13,98.0663634720867,25.6783959730883,15.7972055945015,15.0730725992974,15.0179349618125,15.0118658039462,15.0069319750697,15.0042847042994,"NM"
2025,14,99.9751844643315,26.3502364176243,15.8927379591548,15.0852520389811,15.0200580017145,15.0116321687157,15.0075173475584,15.0046569567265,"NM"
2025,15,101.890653757743,27.0349921699748,15.9922622096564,15.098622980227,15.022415000943,15.0114758404902,15.008135515984,15.0050547871646,"NM"
2025,16,103.812127598556,27.7326560294885,16.0956726022122,15.1131575335472,15.0249767479017,15.0113678417476,15.0087676995927,15.0054661641548,"NM"
2025,17,105.738963591004,28.4436211398722,16.20315731238,15.12905347436,15.0278945358793,15.0114080269457,15.0094766919537,15.0059306861523,"NM"
2025,18,107.670521412746,29.168007234267,16.3147122443526,15.1463539654661,15.0311979433834,15.0116093424701,15.0102702445595,15.0064531105624,"NM"
2025,19,109.60616351265,29.9040486908347,16.429007070568,15.1640666384862,15.0340955000258,15.0113990046259,15.0107848788754,15.0068032264009,"NM"
2025,20,111.545255789836,30.652676486522,16.5466385375581,15.1826979686009,15.0369868503882,15.0110545706861,15.0111955149735,15.0070915904833,"NM"
2025,21,113.487168252974,31.4144571013301,16.6679421401518,15.2025461437502,15.0401070162573,15.0107359654281,15.0116027055157,15.0073816857037,"NM"
2025,22,115.431275658929,32.1898150954226,16.7931538325877,15.2238277477787,15.0436269574066,15.0105573445661,15.0120780831432,15.0077186866643,"NM"
2025,23,117.376958129916,32.979551768787,16.9227719835444,15.2469579494814,15.0478757167539,15.010745597912,15.0127647770544,15.0081930166745,"NM"
2025,24,119.323601748413,33.7823319817567,17.0558193769774,15.2712093921234,15.0522771736563,15.0108819358056,15.0133968370475,15.0086361772086,"NM"
2025,25,121.270599129185,34.5999983637189,17.193521884589,15.2975515708275,15.057600803048,15.011507700913,15.0143164568711,15.0092645758548,"NM"
2025,26,123.217349967842,35.4303128924706,17.3343034618828,15.3247942422157,15.0629054334421,15.011943996065,15.01509284861,15.009805379601,"NM"
2025,27,125.163261565426,36.2743281069427,17.478856946401,15.3534913156324,15.0686321589784,15.012498322871,15.0159198222452,15.0103810706718,"NM"
2025,28,127.107749328643,37.1323312708426,17.627351663328,15.3837906990176,15.0749007971442,15.0132489474325,15.0168461068403,15.0110223016098,"NM"
2025,29,129.050237245376,38.1168622811546,17.7803793411941,15.4157846669897,15.0817832122385,15.0142399627074,15.017898798475,15.0117460281274,"NM"
2025,30,130.990158335269,39.1226515798762,17.9377680300638,15.4493553563595,15.0891856131842,15.015397444554,15.0190301951296,15.0125218612616,"NM"
2025,31,132.926955075163,40.1378167351565,18.0992965294822,15.48438351909,15.0970141563082,15.0166476316786,15.0201926084072,15.0133194163042,"NM"
2025,32,134.860079799311,41.1899984497281,18.2658217891089,15.5214826381007,15.1057536856675,15.0183293226115,15.0215997345339,15.0142737306376,"NM"
2025,33,136.78899507433,42.268423551992,18.4369885655987,15.5603774452295,15.1151871619504,15.0202809659644,15.0231483857061,15.0153192837761,"NM"
2025,34,138.713174048916,43.3962137545152,18.6137966486079,15.6017544971395,15.125856130518,15.0228817055993,15.0250778921091,15.0166073204313,"NM"
2025,35,140.632100778438,44.5559763550183,18.7956543363691,15.6451473303131,15.1373924321099,15.0258624069971,15.0272169875316,15.018029226032,"NM"
2025,36,142.545270524556,45.701766808675,18.9806702665097,15.6892355638909,15.1487571563298,15.0284767606687,15.0290917789143,15.0192848716345,"NM"
2025,37,144.45219003009,46.8904141273785,19.1711476810121,15.735703775669,15.1612788991422,15.0316651943185,15.0312967226903,15.0207502223678,"NM"
2025,38,146.352377769414,48.0887699774756,19.3657614863033,15.7835911182525,15.1742029536268,15.0348840310801,15.0334864501609,15.022206476116,"NM"
2025,39,148.2453641747,49.3194876135229,19.5654771633862,15.8335976953946,15.1880820243178,15.0385209742947,15.0359053827535,15.0238080623401,"NM"
2025,40,150.130691838383,50.5292924216341,19.7680057974683,15.8841171964791,15.2016566478338,15.0416738520459,15.037980836523,15.0251923308812,"NM"
2025,41,152.007915692275,51.715496370537,19.9730795559496,15.935057490679,15.2148600065766,15.0442903683445,15.0396779824471,15.026336988124,"NM"
2025,42,153.876603163772,52.9155506917354,20.1822429222237,15.9875805487593,15.2286097546208,15.047018741636,15.0414058361367,15.0275005949695,"NM"
2025,43,155.736334309679,54.1272272586344,20.3954017749964,16.0416282592841,15.2428651423824,15.0498248944483,15.0431415372654,15.0286684100499,"NM"
2025,44,157.586701928165,55.3464652842347,20.6123693740596,16.0970814129955,15.2575378572641,15.052641153208,15.0448408977831,15.0298121897832,"NM"
2025,45,159.427311649419,56.5718663860512,20.8330676855192,16.153902650522,15.272604079889,15.0554459600974,15.0464888876659,15.0309221347987,"NM"
2025,46,161.257782005615,57.8776648093009,21.0609925797822,16.2145295582184,15.2899750625113,15.0595931487663,15.0489419178698,15.0325398571899,"NM"
2025,47,163.07774448079,59.1771659427475,21.3058296886659,16.2850630980388,15.3135906731039,15.0671531322885,15.0530024381335,15.0349246241679,"NM"
2025,48,164.886843541282,60.472222373109,21.5533965474848,16.3562732937525,15.3371358193345,15.0744091208267,15.0568668382438,15.0372018580693,"NM"
2025,49,166.684736647397,61.8188372781179,21.8121678322274,16.4338507849114,15.3647130402381,15.0839722576535,15.0619773271641,15.0401813674323,"NM"
2025,50,168.471094246975,63.0838205025642,22.0661327670111,16.5069580877745,15.3884091748381,15.0906843477002,15.0653950955421,15.0421632001577,"NM"
2025,51,170.245599751547,64.3484288162022,22.325313184978,16.5824750653292,15.4132345020675,15.0977868382023,15.0689477625481,15.0441955253394,"NM"
2025,52,172.007949495793,65.6360419569598,22.5943750899306,16.6635123930028,15.441415413236,15.1066815493178,15.0734002402345,15.0467024300801,"NM"
2025,53,173.757852680998,66.9539380082847,22.8761476194185,16.7519021706765,15.4742428916044,15.1181608104672,15.0791726580427,15.0499092139031,"NM"
2025,54,175.495031303242,68.3320861787899,23.252627700345,16.9005597337996,15.5478726489687,15.1535544098773,15.0967605244736,15.0589878523476,"NM"
2025,55,177.219220067023,69.7814290624936,23.6960595740957,17.09154626378,15.6501170862375,15.2057430133864,15.1227926622335,15.0723468087279,"NM"
2025,56,178.930166285051,71.2878647633627,24.2071457913299,17.3251135735905,15.7810360264594,15.2746666237902,15.1572141112009,15.0899371362699,"NM"
2025,57,180.627629764922,72.7996570138022,24.7458273927942,17.575261483814,15.9226830683129,15.3495243837316,15.194567923954,15.1089701856119,"NM"
2025,58,182.311382683391,74.3102694788983,25.3053258736646,17.837610611108,16.0720345376502,15.4284939080367,15.2339396329602,15.1289822012902,"NM"
2025,59,183.981209448973,75.8028304422137,25.8647118851718,18.0987350672621,16.2199087613959,15.506108381656,15.2725921730435,15.1485902637651,"NM"
2025,60,185.636906553542,77.3262454773827,26.4819424275614,18.3957878661153,16.3916473513693,15.5974117791192,15.3180588396578,15.1716050705344,"NM"
2025,61,187.278282413663,78.878451945081,27.1608927258333,18.7311565375513,16.5887806117474,15.7032360772776,15.3707441377073,15.1982221725381,"NM"
2025,62,188.905157202325,80.4519674558992,27.8969694039215,19.1018375555629,16.8091677002547,15.8222363564964,15.4299656305141,15.2280896013018,"NM"
2025,63,190.517362671755,82.0467731176712,28.6956337088095,19.5112556207357,17.0550292710874,15.9556441769299,15.496323721231,15.2615021653544,"NM"
2025,64,192.114741967976,83.598137932157,29.4471807362948,19.889775036661,17.2792526808167,16.0757020804722,15.5560347193636,15.2915363353567,"NM"
2025,65,193.697149437768,85.1557469709308,30.2338349826744,20.2895975794433,17.517129764714,16.2031956962929,15.6194131555313,15.3233759985816,"NM"
2025,66,195.264450428657,86.7789550799176,31.1794695532651,20.7846732795177,17.8211959270792,16.3688373092997,15.7016355920834,15.3646147176585,"NM"
2025,67,196.816521082562,88.4006177344177,32.1576237003799,21.2993092569821,18.1375761619282,16.540939018454,15.7870218835602,15.4073896313487,"NM"
2025,68,198.353248123702,89.9541466986709,33.0113722043486,21.7358327721703,18.4001709359893,16.6809893251443,15.8566053887194,15.4422327422688,"NM"
2025,69,199.874528641346,91.5581851822633,34.0138809658723,22.2642453719922,18.7240382906709,16.8560530336531,15.94339642445,15.4856306941336,"NM"
2025,70,201.380269867983,93.2187087767212,35.202517341137,22.9077445501451,19.1244860717115,17.0747480733704,16.0515695606505,15.5396378267111,"NM"
2025,71,202.870388953461,94.8990132487944,35.6013444407146,23.6095697820837,19.5670341733397,17.3168645058276,16.1711656830381,15.5992725505896,"NM"
2025,72,204.344812735629,96.5883623740569,36.0089900702712,24.3531287177982,20.0406724964127,17.5759239808562,16.2989839746731,15.6629316051677,"NM"
2025,73,205.803477507991,98.284927737501,36.4253812877709,25.1378359136707,20.5403044150449,17.851699596379,16.4348981137613,15.7305434457975,"NM"
2025,74,207.246328784878,99.9555532829815,36.8437695889337,25.8954684185169,21.0252292198554,18.1178989441376,16.56611451295,15.7957675687577,"NM"
2025,75,208.673321064601,101.364213361304,37.2655111794936,26.646017104878,21.5087070175639,18.3823112486703,16.6964350137366,15.8604988697862,"NM"
2025,76,210.084417591055,102.734211908974,37.7057058552031,27.5477287271019,22.0959852841587,18.7055802434707,16.8551835705426,15.9392196163116,"NM"
2025,77,211.479590114196,104.109755657693,38.1666541197548,28.6274587220597,22.8055778000001,19.0978322109304,17.0470914593609,16.0342076749075,"NM"
2025,78,212.858818649822,105.49060256073,38.636753932279,29.7636370979805,23.5578830289699,19.5130014800845,17.249852052319,16.134428158975,"NM"
2025,79,214.222091239042,106.876508673162,39.0862797079117,30.6353006803838,24.1410506922377,19.8302674824512,17.4055472224448,16.2114278853004,"NM"
2025,80,215.569403707822,108.267228316108,39.4667146428803,31.6263266516055,24.8078613616357,20.1942381080911,17.583539850524,16.2993204561214,"NM"
2025,81,216.900759426967,109.662514241758,39.8514350512995,32.8893907453063,25.6599568773341,20.6574319672842,17.8109698609695,16.4113628344291,"NM"
2025,82,218.216169072864,111.062117798973,40.2404488256823,34.3399104408091,26.6434025828389,21.1924193730816,18.0726046757686,16.5400038174516,"NM"
2025,83,219.515650389326,112.465789099232,40.633763606618,35.0602693007077,27.6117561102348,21.7204759234683,18.3305993722361,16.6667222822553,"NM"
2025,84,220.799227950835,113.873277182716,41.0313867683662,35.2355086189624,28.7599838468655,22.353935470148,18.6385516257394,16.8176092257265,"NM"
2025,85,222.066932927453,115.284330184313,41.4333254046959,35.4271551660183,30.0474961646112,23.0706016498171,18.9855502692193,16.9872346212973,"NM"
2025,86,223.318802851693,116.698695499321,41.8395863149715,35.6267918865066,31.3930623238972,23.8258100839299,19.3502221234949,17.1651569643117,"NM"
2025,87,224.554881387576,118.116119948659,42.250175990479,35.8310696106522,32.7629863271442,24.6013887772322,19.7239405699813,17.347178946101,"NM"
2025,88,225.775218102131,119.53634994336,42.6651006009948,36.0562883679621,34.3202982336863,25.488147242553,20.149237749793,17.5537514617646,"NM"
2025,89,226.979868239525,120.95913164816,43.0843659815926,36.280868065069,35.0148565029229,26.363824692583,20.5662055172622,17.7579177455547,"NM"
2025,90,228.16889249805,122.384211143975,43.5079776196895,36.5081176195259,35.1514950879479,27.2429613267365,20.9868634568512,17.9635561352638,"NM"
2025,91,229.342356810135,123.811334589077,43.9359406423297,36.7479689106547,35.2976439424425,28.1810305028753,21.4369119961922,18.1830803305454,"NM"
2025,92,230.50033212556,125.24024837878,44.3682598037043,37.010094059103,35.4610705688924,29.2324505235288,21.9414326351981,18.4284893930061,"NM"
2025,93,182.435678580109,126.152379324265,44.8035318439409,37.259405644386,35.6140770498804,30.1981076204536,22.4092771443133,18.6559346981985,"NM"
2025,94,0.813402294224,0.843446185549532,12.5664010533575,17.7279036580862,21.0262220502931,26.1396271030851,21.4220828909654,18.3559671320581,"NM"
2025,95,0.711901682000336,0.472623332073759,0.497964515769766,0.634027763620284,8.35614922094941,16.9505248155928,17.8197014289369,16.9699620003608,"NM"
2025,96,0.392437010355611,0.377613300498385,0.398683138921464,0.376822247375412,1.23118310279675,12.123650086742,14.94372311906,15.5702406656523,"NM"
2025,97,0.696248089402583,0.412042646941431,0.419618387848781,0.419649185460118,1.24661226664676,9.69307370776628,12.9169335764157,14.3635841511984,"NM"
2025,98,1.88556555929524,0.561397764733085,0.494722155244706,0.468414246164274,1.26086630958728,8.21524655411413,11.4100765172448,13.3131485950728,"NM"
2025,99,6.93488855741215,0.901330699647281,0.592608180387409,0.527666555713602,1.2811880065946,7.21989988213471,10.2528583053152,12.3997831625974,"NM"
2025,100,30.9425884140109,1.83971018875331,0.728679264886995,0.604296671977835,1.31691461371707,6.51363924191628,9.34899663977511,11.610751931657,"NM"
2025,101,101.915551333985,3.84025207757014,0.943726690375287,0.717886579410773,1.3965486770874,6.02023407502427,8.65207344548961,10.9450115114893,"NM"
2025,102,103.837098868848,3.41449434288939,1.19162580449005,0.851601792829976,1.48251877720382,5.63457986154931,8.07604777404602,10.3587406904362,"NM"
2025,103,105.764000231184,3.26871736697801,1.48462209349546,1.01807046646866,1.58773611377357,5.33978915878878,7.602881784829,9.84714181354878,"NM"
2025,104,107.695615130186,3.26146378757663,1.8129171584358,1.21910897780775,1.71371692042826,5.11646184237372,7.21310550754339,9.40121083320161,"NM"
2025,105,109.631306055187,3.31466125599858,2.14473979280049,1.4440119844647,1.85193338994099,4.943632982093,6.88747332796293,9.01009740084591,"NM"
2025,106,111.570438954456,3.44404468126841,2.49363792681951,1.71108274675379,2.01711180234778,4.82219390355582,6.62080586421176,8.67031976845226,"NM"
2025,107,113.512383894237,3.67567104973707,2.88639399070082,2.04868697490445,2.23129892658649,4.75908300905397,6.41287703984593,8.38120437365971,"NM"
2025,108,115.456515697116,3.98812138951397,3.31618549629968,2.46311073339283,2.50192745915879,4.75063452010748,6.25834155142144,8.1390126843059,"NM"
2025,109,117.40221455889,4.29775380260311,3.71773911956539,2.90948650856259,2.80351663953502,4.77282169662591,6.14048845681016,7.9329039494983,"NM"
2025,110,0.877636650251656,0.439832668867026,0.399621306935658,2.51507552306623,2.73035652065787,4.58461884499636,5.90082264926581,7.65452005483409,"NM"
2025,111,2.85464781625419,0.659091580695368,0.494456110614888,2.34803325521215,2.67040509614133,4.42331524564368,5.68730316667406,7.39922010844077,"NM"
2025,112,12.7301341944335,1.23570524058048,0.641907202298253,2.28189996299323,2.6408515205169,4.29623455706926,5.50381487048867,7.16950292842733,"NM"
2025,113,72.1734866491304,3.07394847336696,0.896412016406898,2.3441480365559,2.67952717198876,4.22049784852986,5.36092878372746,6.97266438096346,"NM"
2025,114,78.5755279848129,3.30681146752975,1.26392390888259,2.48829899432603,2.76666898275055,4.18498020608708,5.25059539461158,6.80300293905717,"NM"
2025,115,84.6759874164913,3.57923405723568,1.76101744100224,2.71160190795543,2.90835437606753,4.19080827195406,5.17305560588758,6.6606173760863,"NM"
2025,116,101.915551333985,4.98319696653485,2.58987391291139,3.18515613950417,3.23183989920148,4.33367832337829,5.17304504198413,6.56751221329875,"NM"
2025,117,101.915551333985,5.28618510207043,3.78279575388774,3.92460184926169,3.7536933516496,4.61072136484302,5.25868830313174,6.53388347782506,"NM"
2025,118,103.837098868848,5.52312146733727,4.68925508340698,4.57288425153047,4.26816931348464,4.85777508792424,5.34402547782847,6.51143715077449,"NM"
2025,119,105.764000231184,6.04005464697311,5.49399416730089,5.27690927960693,4.87008657143784,5.17568046780146,5.4740795819588,6.52121029498219,"NM"
2025,120,107.695615130186,6.59200677193679,6.15839788323134,5.95497494653516,5.51522594746753,5.55353646463167,5.64755716561329,6.55647751412977,"NM"
2025,121,109.631306055187,7.25438736108157,6.8661277743841,6.70311036266401,6.26413431744076,6.04548627839432,5.89744032795829,6.63608307668157,"NM"
2025,122,111.570438954456,8.04796274474712,7.68141822005335,7.55874791572047,7.13694825527435,6.68292298671514,6.24571239187639,6.77575761348172,"NM"
2025,123,113.512383894237,8.75237004364443,8.39007649759689,8.31723654788582,7.95062461119647,7.35186759765548,6.64108890553983,6.94944161477327,"NM"
2025,124,115.456515697116,9.65634003523004,9.28806820270088,9.23387821809413,8.89026654634922,8.16340422501563,7.14710693989418,7.19107312028418,"NM"
2025,125,1.10146861102219,0.52016555113827,0.474993096640057,3.66667889502705,6.53736226852124,7.49040661413286,6.94669013790132,7.08182737985414,"NM"
2025,126,0.931689816254453,0.419857288625916,0.363539205872154,0.3538054044751,0.34740458645807,0.342811391645048,0.790919193724712,6.54842365997142,"NM"
2025,127,1.50514225928651,0.539769970930228,0.40236916059976,0.379268106372308,0.365201016911816,0.35422086734778,0.783882814754063,6.09121240922247,"NM"
2025,128,5.55188454972634,0.794000910199281,0.45402934962934,0.411444214413869,0.387490755182928,0.3682034698171,0.77921155175889,5.69622441186765,"NM"
2025,129,23.5762889821733,1.43127353728887,0.526015446574752,0.453984791376398,0.41652230643837,0.386013228977296,0.778150288016556,5.3540184281555,"NM"
2025,130,96.2329664535969,2.78510091217327,0.633566867137168,0.515012393760161,0.456955868926154,0.410072362091103,0.782938615590107,5.05963675447967,"NM"
2025,131,100.65279434266,2.44885322597013,0.751689137170002,0.585567988614014,0.503796212084417,0.437662393667482,0.789954475179854,4.80010973673968,"NM"
2025,132,102.570463629597,2.29838440172635,0.882925201222793,0.668379310276118,0.558963641236952,0.46983366025824,0.800009314646666,4.57153208447666,"NM"
2025,133,104.49390977577,2.2579120067619,1.03666889356859,0.771324187791445,0.627924078391871,0.509641409144136,0.814953157765436,4.37162709278312,"NM"
2025,134,106.422491038756,2.28770285258909,1.21404143059196,0.897472721445932,0.713122099993692,0.558364965678357,0.83537228140458,4.19760713500747,"NM"
2025,135,108.355567998746,2.34852530365917,1.39978677243415,1.03929501665481,0.810369893893967,0.613625310952164,0.859716685476989,4.04519077797356,"NM"
2025,136,110.292504249808,2.4317485383556,1.59008917635538,1.19636802122754,0.920405656143716,0.675906450477768,0.888038212218935,3.91192161216344,"NM"
2025,137,112.232667072051,2.55842888430403,1.80335706852476,1.38347967538434,1.05435066125646,0.751531571340113,0.923604974104465,3.79841626839253,"NM"
2025,138,114.175428083709,2.72382804976805,2.04154076303821,1.60514585205254,1.21743072533082,0.843625669350535,0.967696954466181,3.70385266506777,"NM"
2025,139,116.120163872266,2.90884154458366,2.2920299572038,1.85486824013077,1.40844809775872,0.952152049240313,1.01984230803017,3.62610059690067,"NM"
2025,140,118.066256603814,3.08055606058381,2.52527450711976,2.1100810847839,1.61562021723111,1.07188821272094,1.0770093802373,3.561166696671,"NM"
2025,141,120.013094609932,3.30068746789871,2.79113861941823,2.40445037746925,1.86498249755286,1.21842268210156,1.14663932597994,3.51343570738613,"NM"
2025,142,121.960072951463,3.59284542594816,3.12090673778394,2.7639407147382,2.18007328742009,1.40703329506628,1.23541645427032,3.48687627814407,"NM"
2025,143,123.906593958632,3.97132932055973,3.53898531302131,3.21480729442926,2.58848059109758,1.65740110690946,1.35145570579611,3.48659441283668,"NM"
2025,144,125.852067747051,4.40090546689882,4.01586316265593,3.74054389451033,3.09159129342438,1.97929487469264,1.4977803397042,3.51400558503132,"NM"
2025,145,127.795912709233,4.89157120534543,4.55524835654723,4.34128971103461,3.70126375106831,2.39392154726309,1.68273022435219,3.57304932633367,"NM"
2025,146,129.7375559813,5.40340121186843,5.11017920686084,4.96934357341058,4.38200278089619,2.90412292502824,1.90762369509305,3.66251292934583,"NM"
2025,147,131.676433884678,5.89458212384334,5.6293909081051,5.5618713791185,5.06865137824389,3.49319620451391,2.16870232729993,3.77669590006018,"NM"
2025,148,2.56320638633911,5.33455957426601,5.65953649390946,5.69655640422817,5.38241121595116,3.92976870687597,2.37838509358537,3.85657203610731,"NM"
2025,149,39.836898004619,6.75099338076667,6.53285433266242,6.52182158350959,6.20453835018871,4.7152616606161,2.74800840337426,4.03297100116322,"NM"
2025,150,101.915551333985,7.51797216262892,8.07951578340844,8.03270869195986,7.60738689504551,5.9531161515603,3.30849312222741,4.31987757169616,"NM"
2025,151,103.837098868848,9.06067360729188,8.9651358671879,9.0629048110515,8.75970352683578,7.21458368253825,3.99586350599166,4.661252105598,"NM"
2025,152,1.69368521579091,0.81804693486981,1.67836387168979,6.27235895758156,6.91387038430853,6.93647059640418,4.15682005194109,4.71276735198683,"NM"
2025,153,14.6399882736911,2.73177903794365,3.1338491573062,5.81305541318385,6.36503041121444,6.87229118138872,4.38339291451063,4.80356557396949,"NM"
2025,154,101.915551333985,7.34772077985606,6.13339327797572,6.95687070371117,7.11202230622755,7.37621566279155,4.86385993154177,5.02944272554385,"NM"
2025,155,103.837098868848,9.21051691274197,8.74124867968915,8.79681116429614,8.5884252131267,8.34849801739688,5.60460585851644,5.39170417648664,"NM"
2025,156,105.764000231184,11.3608582682117,11.083031435611,11.0252397221398,10.5939728751985,9.84678024108895,6.67787861149167,5.92265185560859,"NM"
2025,157,107.695615130186,14.5625870374383,14.0468953131737,13.8242317764433,13.3467855962788,12.0462683796216,8.26800400123401,6.72445676562735,"NM"
2025,158,36.2175037980798,17.8620531509721,16.9361421204586,16.3483900493952,15.4039270141954,14.2316134028126,10.0257637038845,7.66882369475299,"NM"
2025,159,101.915551333985,28.1817156652038,24.0598258531496,22.0500926719887,19.7270888382296,16.9287514367894,12.7926531071269,9.26837851923523,"NM"
2025,160,101.915551333985,38.9214276380812,30.8358745781601,31.0808205145917,26.4292295232504,20.9883360802861,15.441022526072,11.3802970861612,"NM"
2025,161,2.07449361076759,2.46903156014781,14.0589150352924,20.7508331245554,20.860972975896,19.9561651484153,15.2958311779886,11.8455980737327,"NM"
2025,162,36.2175037980798,14.7038817634905,18.4896753654889,22.8433134956035,22.5039561323967,21.3176676326502,16.0659546635654,12.6255564103995,"NM"
2025,163,101.915551333985,37.3031417961345,33.373587429425,33.2373393950427,29.7205499801912,25.530200949843,18.0636585458619,14.416471281061,"NM"
2025,164,103.837098868848,40.2521875728201,35.1440384209818,35.0017088275906,35.000020331364,32.1681359463452,21.0529550700749,15.8051894161561,"NM"
2025,165,101.915551333985,63.0345094615857,36.9410046872237,36.2666805164911,35.9985749823905,35.0040662429028,24.4661392731335,17.3724383363106,"NM"
2025,166,103.837098868848,64.3172205033238,39.2022168852812,38.0072235350682,37.3684355952064,35.9690684777063,28.3552349301885,19.1629536497624,"NM"
2025,167,105.764000231184,65.5853552379522,39.4108128608501,39.0047843076126,38.7331844763257,36.9331728887802,32.2020886522737,20.9314574647154,"NM"
2025,168,107.695615130186,66.8880701915228,39.6258403677911,39.0119898416787,39.0001406401402,37.9212262913987,35.0163940774909,22.7051483150087,"NM"
2025,169,109.631306055187,68.222616557811,39.8473334787404,39.0216444569172,39.0003928351027,38.8765582172794,35.6226634222887,24.3815495670192,"NM"
2025,170,111.570438954456,69.5120621969369,40.0749072660985,39.0337704952407,39.0007842010859,38.9981221913909,36.1412726296595,25.7828293638957,"NM"
2025,171,113.512383894237,70.8316731325008,40.3086014943835,39.0483897637396,39.001342250375,38.9981254841624,36.6493125867708,27.1596811527091,"NM"
2025,172,115.456515697116,72.1851124507414,40.5484733733714,39.0655237400441,39.0020943817201,38.99812992201,37.1475092888639,28.5223281964478,"NM"
2025,173,117.40221455889,73.550688892627,40.7944662420592,39.0851923191858,39.0030678562464,38.9981356656821,37.615516675925,29.8181285445577,"NM"
2025,174,1.47938416949519,0.701148585524202,0.65285073475951,0.525728296980101,2.71213002022085,18.3444082525197,24.948462471808,25.1933615312537,"NM"
2025,175,1.30654881324207,0.57537483394361,0.503811050196456,0.443368301925784,0.406181089630927,9.10986382165645,18.6817833724883,21.5627905513471,"NM"
2025,176,1.77050954416607,0.928730856709234,0.752937201673567,0.59686343232642,0.504267902986709,7.81251996193359,15.1630220269648,18.8823308506378,"NM"
2025,177,1.30441403913289,0.573815348965508,0.491236770839483,0.635856617880934,0.589436673271983,6.90903074203015,12.8635091077999,16.7941241286995,"NM"
2025,178,7.10523567571411,1.18324627670525,0.784286859685673,0.838626413531836,0.726561257957007,6.32381641385365,11.3000213452508,15.1724041508464,"NM"
2025,179,51.1950720096074,2.92270295698611,1.33945713531178,1.19815006306764,0.959046080745135,5.99742207083446,10.2242412192108,13.9240017422299,"NM"
2025,180,63.5763274692857,3.80979425954757,2.29907409373193,1.82412897504047,1.35634910150772,5.90299935799328,9.50490424570974,12.9772098334661,"NM"
2025,181,1.46353500618705,0.594132616632682,0.494859589780301,0.599076038963894,1.41803862079445,5.53422434544183,8.72234704745201,12.0373580675289,"NM"
2025,182,2.70684257517979,1.0276577503847,0.753557529496698,0.776275175053292,1.52688697253273,5.2693637583777,8.11425670964923,11.2586375516873,"NM"
2025,183,14.0539305761072,1.99647938156846,1.20122673527951,1.07002759642877,1.72154287230264,5.12116262259441,7.65991727849063,10.6245035256566,"NM"
2025,184,1.85131210921986,1.36382779196145,1.62922165330602,1.36726589005294,1.90922891796686,4.99794614456914,7.28160834898709,10.079644035824,"NM"
2025,185,1.28123725866924,0.506417292181193,0.421668103274084,0.393106192004274,0.374438197821029,0.454074142441304,6.40839994928441,9.42317289998707,"NM"
2025,186,6.85193669717554,0.919295498185705,0.560788550722924,0.483585801528209,0.43576920203791,0.494489495065138,5.76377931140103,8.86189434915465,"NM"
2025,187,43.3212419037338,2.10049609404056,0.773238655205312,0.615680191893664,0.523315146060231,0.55038315461854,5.28539378584191,8.38499445291934,"NM"
2025,188,101.915551333985,3.65650158819178,1.11767802452806,0.822320051917421,0.655186404868127,0.63154845608117,4.94620979363804,7.98984340716198,"NM"
2025,189,103.837098868848,3.24907722958374,1.53117722090134,1.09170514751174,0.828473170355734,0.735118901245511,4.69142657064014,7.64975471928978,"NM"
2025,190,105.764000231184,3.24760414272264,2.01405211315635,1.44178668768606,1.05713824013025,0.868671008562449,4.51441048902916,7.36425929050449,"NM"
2025,191,107.695615130186,3.46313805040344,2.56284078831835,1.89517395770213,1.36254009247989,1.04390385279831,4.40788403421301,7.13219215985172,"NM"
2025,192,101.915551333985,4.63737353865832,3.57211372005253,2.6980470041905,1.88344527317311,1.32504067473191,4.44278577881392,6.99583094178753,"NM"
2025,193,73.4048962928474,4.92257690254936,4.30913870840998,3.55860617244767,2.54087469453723,1.6903766965844,4.5150697134731,6.89363717092525,"NM"
2025,194,2.15673049836386,1.42566884905595,4.07688038846301,3.7810648070224,2.87158748469925,1.91509781144128,4.48974844794082,6.74764003912643,"NM"
2025,195,22.0055205202772,3.2333741872781,4.35510221098751,4.17180491273118,3.33738602850171,2.23896749378382,4.53283248324538,6.6536254377667,"NM"
2025,196,101.915551333985,5.93750713015867,5.43923006257049,5.14942678428782,4.23583590073665,2.80329713170917,4.7418833604891,6.6588741518133,"NM"
2025,197,103.837098868848,6.45804986104712,6.16618903269389,6.0040001360254,5.20580837176988,3.51637162973908,5.01856249754098,6.70534548020499,"NM"
2025,198,105.764000231184,7.75202413094794,7.54031348577961,7.45548512516921,6.73287438647052,4.70816845422723,5.54944340413396,6.89796733182947,"NM"
2025,199,107.695615130186,9.33528413878683,9.17111908276353,9.17560060373968,8.56389840345047,6.35717456820644,6.3251347667261,7.2341520073779,"NM"
2025,200,109.631306055187,11.4845518436467,11.3300666651119,11.3681365834559,10.7892680105005,8.52828167929086,7.43564704213268,7.7575161112369,"NM"
2025,201,73.8535498665988,14.912424332456,14.4205742280955,14.2488747941603,13.695153045229,11.2832091434279,9.02654970635654,8.5461500863898,"NM"
2025,202,86.2096664291163,20.3990340664356,19.3692357199815,18.4491085519948,17.0303272027203,14.700975871153,11.2274462889365,9.70431218493687,"NM"
2025,203,101.915551333985,28.012076793559,26.8432949415811,24.3757971850078,21.4863616097174,17.4542432559931,13.8433242975171,11.1967794687685,"NM"
2025,204,6.06793322842928,12.7038771149227,21.0061294607949,21.44526670892,20.3694035992589,17.7615165254768,14.7353768403926,11.858626863352,"NM"
2025,205,101.915551333985,33.1562429170497,32.9710370850497,29.9268233058869,26.2495295402378,21.1831385112949,16.3523190450948,13.444706861103,"NM"
2025,206,1.86205896047175,1.24550733705494,3.11399193046398,10.102597501562,12.3045607936455,16.9335251399659,15.134698845795,13.2380082309279,"NM"
2025,207,22.2511543458839,6.21013297350815,7.80955548482876,9.84178037370435,10.9633137869127,15.4353820842669,14.7114877117766,13.2071603911527,"NM"
2025,208,101.915551333985,20.2694932124165,15.3824835175702,15.0080161199353,14.8407811193467,17.3092967967499,15.6798916156172,13.8323921367688,"NM"
2025,209,103.837098868848,33.9869042667805,27.6315872954586,23.231592607725,20.407099603468,20.5984741231973,17.2680264003163,15.0592583533613,"NM"
2025,210,105.764000231184,36.6050240394817,35.0114983762546,35.0001367787941,28.9943716121426,25.4886249168555,19.5519634025806,16.1455201340195,"NM"
2025,211,107.695615130186,39.5963087803765,36.4476033271971,36.1179392429318,35.0130082400781,31.7694574606957,22.4250587807885,17.4890786184936,"NM"
2025,212,10.3916112701252,33.6802752724139,36.5243239539637,36.2174498635401,35.1016719137414,33.2452591143168,23.1174305098396,17.811080444645,"NM"
2025,213,5.56787979404432,15.1489774203759,27.5170490690424,29.7561389382884,30.7135959986701,32.8228430483327,23.3291944974222,17.9732272792479,"NM"
2025,214,1.7430269083738,1.34745117375099,3.90402739521183,10.5098415827882,12.8742460889198,22.4166170225195,20.5084720728177,17.2003520819845,"NM"
2025,215,21.1880106264133,7.5406694374342,9.66870507345839,11.0743893034925,12.1252967354359,19.5240498391282,19.4428239565189,16.9829844043057,"NM"
2025,216,101.915551333985,35.7278405573977,19.460254171889,17.519629506908,16.507749114262,22.3022490686251,20.8200189988964,17.6517314409014,"NM"
2025,217,103.837098868848,38.2079880797175,35.0291070912769,29.671370431699,24.4881289566377,27.0613897486559,23.0948624165669,18.7441586538073,"NM"
2025,218,105.764000231184,40.276799242934,36.4189833450765,35.0164141059755,35.0001952343836,33.8034447486399,26.2203281419845,20.2179934486721,"NM"
2025,219,107.695615130186,41.593534934932,37.9621980646799,36.218064392046,35.9392044629148,35.0037244817251,29.6463614300447,21.8097302976266,"NM"
2025,220,109.631306055187,42.9166078266429,39.0358990658898,37.4188840062475,36.87996941285,35.6681959626447,33.119913298468,23.4194627837699,"NM"
2025,221,111.570438954456,44.2601435235117,39.0850951187617,38.6058321958922,37.8212506432346,36.3313242479843,35.0077036792944,25.0316038951521,"NM"
2025,222,113.512383894237,45.6242629677922,39.1471137040027,39.0017214260361,38.7330132051611,36.9782539946142,35.4149585677127,26.6034693829917,"NM"
2025,223,1.69786219754437,1.42883426567284,3.02808485572288,10.3448947314512,12.989475736258,23.6084545143253,28.0267964661298,24.4998536127409,"NM"
2025,224,1.25188998147514,0.61432686694383,0.558747665569584,0.474489645111987,1.61225990738829,14.79612679886,20.8319294589896,21.43864823877,"NM"
2025,225,5.89163175873717,1.28055161856837,0.962158715966862,0.710323204364076,1.82221303224176,11.4477945703311,16.8565312309562,19.0929945190157,"NM"
2025,226,41.0398339549408,3.16357479513716,1.80096534104446,1.18638932764613,2.19863024289676,9.80614048487673,14.4345906720571,17.3083486758273,"NM"
2025,227,101.915551333985,5.18971384938196,3.53496124095114,2.24489823128234,2.96540149988894,9.12343531866874,13.0146967500088,16.033705646768,"NM"
2025,228,103.837098868848,6.575831157867,5.97432859853431,4.30788583421867,4.35584578914142,9.1745009691879,12.3525544477262,15.2548738981675,"NM"
2025,229,2.55149710926561,2.26882398671297,6.29403561733274,5.35378893177892,5.09241396001449,8.95466256733085,11.6919102911592,14.5172935462212,"NM"
2025,230,29.9136107779848,7.17997367338232,8.30990116833197,7.52082674436042,6.78857439950973,9.52285776473161,11.6608624955238,14.2282047175467,"NM"
2025,231,12.2563339453678,10.5133324076442,10.5980760677712,9.94544579367535,8.93133799189231,10.4303761630902,11.929647526344,14.1975978741006,"NM"
2025,232,36.2175037980798,14.9711086811021,14.3077237278698,13.6155639122035,12.2188365026717,12.3125626868983,12.7601053837884,14.4987677761965,"NM"
2025,233,101.915551333985,29.2971242129192,21.9494847387758,19.1013174587713,16.0728552034558,15.1940830999376,14.5107131922621,15.0430659626184,"NM"
2025,234,103.837098868848,35.9536581520895,35.0040274879256,27.6949812334744,21.6476051022429,18.3174359291416,15.9905562445516,15.7689085024436,"NM"
2025,235,105.764000231184,37.9825078374099,35.7036940468353,35.0082554289653,29.0075647990469,22.3932745333037,17.8728912250365,16.6787616794993,"NM"
2025,236,107.695615130186,40.1080192763171,36.4797567975412,35.6042734880405,35.0071031054418,26.9863807752636,19.9775827746717,17.6820911828372,"NM"
2025,237,109.631306055187,41.3647127014122,37.3294158667539,36.2563691731372,35.5208998522248,32.1702736529449,22.3046187790086,18.7882551493451,"NM"
2025,238,111.570438954456,42.6400919845736,38.2037563146018,36.9261233932405,36.0479135953149,35.0043496466035,24.7364138229971,19.9352179379497,"NM"
2025,239,113.512383894237,43.9064038206842,39.0354513139932,37.5604066322406,36.5463226413673,35.3532078109207,27.056616673481,21.0169331193887,"NM"
2025,240,115.456515697116,45.1972552229534,39.0938486328398,38.1925779273163,37.0492424136949,35.7046855754001,29.4317928026383,22.1231410522072,"NM"
2025,241,117.40221455889,46.5253831799577,39.1642799730014,38.8281487525521,37.5609753468304,36.0618700176371,31.8795806942202,23.2628763214361,"NM"
2025,242,1.10700377719701,0.498229046994815,0.437682802294398,0.401835332402446,0.379139581039646,0.994772791471322,19.0198620205262,19.4258936650564,"NM"
2025,243,1.0474056400147,0.456927245360523,0.390864785486264,0.372217447765764,0.360022647238584,0.351398198964585,0.965957440080051,15.7550606832315,"NM"
2025,244,3.66934521847734,0.68826455894529,0.46367025876055,0.419378370525374,0.392205503175226,0.372302366735367,0.960948129432089,13.321395237443,"NM"
2025,245,14.8535800993834,1.20731219288111,0.559625485814738,0.478684903856915,0.432184196375805,0.397297861228864,0.959449172960052,11.5824472621113,"NM"
2025,246,61.3281856631103,2.36667180833935,0.691589414203403,0.556565065476302,0.483523313090839,0.42824887094701,0.964064945266544,10.2823467711642,"NM"
2025,247,67.5389765312463,2.31831597597885,0.841061617384626,0.647874393150922,0.543459993305801,0.463650463015393,0.97194186121737,9.26730700569276,"NM"
2025,248,72.9454945849248,2.31164006142229,1.00881670885026,0.755205373676319,0.613962400674791,0.504588362967057,0.983642256903711,8.45473205604956,"NM"
2025,249,94.0144514099957,3.26559898962659,1.21496739899449,0.882966397786454,0.695587281177786,0.550520855144287,1.00039445062333,7.79712898861174,"NM"
2025,250,98.3770695978531,2.84515999755429,1.40677281718003,1.01766816336275,0.783990975777585,0.600212491421833,1.01883852824505,7.2475850357867,"NM"
2025,251,101.915551333985,2.70233153429955,1.6016010425313,1.17045286914448,0.886925280322123,0.657815670429,1.04189789055512,6.78649306461591,"NM"
2025,252,103.837098868848,2.68895687247415,1.80118424265479,1.34336121948763,1.00698798963939,0.724799390121481,1.0703555836677,6.39730918083566,"NM"
2025,253,5.57099145268955,2.70586082854419,1.98779791522584,1.52293355711271,1.1364780983585,0.7970594299019,1.10180737151285,6.06475582443893,"NM"
2025,254,3.37953180323715,2.66696411813844,2.14414297574608,1.69707307150992,1.26968503900528,0.872384826836392,1.13487431096065,5.77708158804399,"NM"
2025,255,23.2434545992945,3.13393599300722,2.34690082793627,1.90764949747416,1.4332877282553,0.964649980987029,1.17697439525448,5.53346936082195,"NM"
2025,256,101.915551333985,4.15140507948903,2.69435760643109,2.2083766911006,1.65446567632504,1.08393497511631,1.23315619179035,5.3372218676936,"NM"
2025,257,0.857881117281991,0.411808110924823,0.358911497063846,0.350438230379602,0.34510330242056,0.340246785588565,0.336567739192641,0.563678507068409,"NM"
2025,258,2.64235925603511,0.564709380052534,0.394484190436841,0.372988555846868,0.36073778341484,0.349249543998176,0.341097978061665,0.559842446878392,"NM"
2025,259,1.0539821103795,0.653625038934751,0.43136878404966,0.396288657698241,0.37682514983149,0.358486208752068,0.345824327261456,0.556217216855114,"NM"
2025,260,3.48767895188014,0.836236399203233,0.474866992273658,0.423140172442292,0.395271089949268,0.369064316035174,0.35121202796592,0.553252767314218,"NM"
2025,261,12.7388620220111,1.2262110759766,0.527261328086205,0.453989483010217,0.416256582309578,0.381052502390294,0.357272196100648,0.550974822131143,"NM"
2025,262,45.8434666459376,2.04951663403882,0.595763833338072,0.492363331065965,0.441829704361737,0.395517148825583,0.364453105726308,0.549710263938784,"NM"
2025,263,66.7785323487979,2.28470403966118,0.67251809472295,0.536178233594594,0.470778498824938,0.411757755898015,0.372448161301063,0.549169597480785,"NM"
2025,264,71.9164428089183,2.13051932108907,0.749492365989119,0.582636069267946,0.501634504437549,0.429019043047815,0.380946149863988,0.54908455278843,"NM"
2025,265,76.4297404569974,2.03729065845454,0.825037173572793,0.63095751685636,0.533998152276148,0.447088013092977,0.389836043893894,0.549402189830788,"NM"
2025,266,90.2722258913267,2.9699169240537,0.932787379492026,0.695061613460552,0.575529250517247,0.469703112888232,0.400594457916369,0.551132558673016,"NM"
2025,267,1.69906870877464,2.31624300252291,1.01298115033567,0.74965448878412,0.611968837532207,0.489673002393022,0.410225098921443,0.552318540118308,"NM"
2025,268,5.57264787268708,2.17524528727008,1.08013545092351,0.801164814077461,0.647413684575693,0.509250209559475,0.419729238569648,0.553558409374227,"NM"
2025,269,23.0154973520428,2.42283827238652,1.15584021080409,0.858955879049323,0.687282966357804,0.531163916448205,0.430234427822895,0.555523597208639,"NM"
2025,270,97.3285104712322,3.19245401486741,1.27360358250705,0.938442335363163,0.73977969404122,0.559137580866621,0.443119817028821,0.559036079211078,"NM"
2025,271,101.342933007787,2.68233688152821,1.35711773286042,1.00904032012494,0.789511696565916,0.58631470286134,0.455848554893309,0.562500727406372,"NM"
2025,272,103.262757490197,2.43484648127503,1.41728331888357,1.07195694308088,0.836468973647836,0.612471809792966,0.468192566401548,0.565853160777817,"NM"
2025,273,105.188127419285,2.29839983311671,1.46239060703927,1.12927394810674,0.881768052865441,0.63821066042202,0.480397822709408,0.569232938589117,"NM"
2025,274,107.118401808537,2.22987238599683,1.50463186566172,1.18707699022087,0.929284685287478,0.665656673939369,0.493404356561968,0.573130301927404,"NM"
2025,275,109.052942245219,2.20093090532695,1.54587602520531,1.24548632155959,0.979075263103876,0.694896123355083,0.507238265845848,0.577553032536734,"NM"
2025,276,110.991113574875,2.1922459220616,1.58416693026374,1.30233119109292,1.0296724027275,0.725215857431766,0.521579410907032,0.582328672887709,"NM"
2025,277,112.932284566368,2.1927951227822,1.61792403038718,1.35576960887751,1.07974968043651,0.755986156121085,0.536155960795777,0.587310782747213,"NM"
2025,278,114.87582855651,2.19822274270906,1.64743849035911,1.40535465254853,1.1288303604469,0.787028343240685,0.550901738976732,0.592459157830514,"NM"
2025,279,116.82112407343,2.21354413332373,1.67815972072273,1.45453077140754,1.17902815767283,0.819544548128025,0.566352521254679,0.598037732431461,"NM"
2025,280,0.707302236330329,0.396775663154853,0.422491400106234,1.34577116685928,1.1742589197873,0.830316494915591,0.573746351063587,0.599611791332971,"NM"
2025,281,0.647047146367522,0.384394435196158,0.351342306962461,0.758535795460945,1.14094071404549,0.836448416080628,0.579674272982017,0.600535128720686,"NM"
2025,282,1.12187310879983,0.46057194628807,0.37399509385133,0.743733255975828,1.11198382258231,0.842809288268888,0.585862013350961,0.601686939532104,"NM"
2025,283,2.50481137339094,0.586588646147439,0.401952318971351,0.735177344067379,1.08754170385797,0.849567139182244,0.592367594996136,0.603095309464262,"NM"
2025,284,5.82720096394815,0.797191544227363,0.435446056648629,0.731919820279317,1.0671823041687,0.856513337146584,0.599192207521628,0.604756567534899,"NM"
2025,285,10.0672186564738,1.09986372256574,0.475459828437995,0.73522254966898,1.05135695227483,0.864398867389763,0.606531682030176,0.606769248082951,"NM"
2025,286,5.3494420338067,1.28133231873841,0.518688866548108,0.742875809039025,1.0395160062238,0.872813129127064,0.614114362630185,0.608994465265487,"NM"
2025,287,0.658047367340538,0.974444034083054,0.551435077948056,0.746503263107211,1.0248172273462,0.878238475856831,0.620625019577864,0.610788315120731,"NM"
2025,288,0.926847358963309,0.996331893437947,0.58443448705606,0.752203123839741,1.01242246567106,0.88359881688497,0.627199763622701,0.612704073385387,"NM"
2025,289,1.97363245643248,1.07924492418759,0.619697360077268,0.760794855848179,1.00304905319155,0.889401913783449,0.634023695150031,0.614829496252964,"NM"
2025,290,4.63327488077926,1.24118512164419,0.659276931105032,0.773142762699153,0.9974547199361,0.89616255296264,0.641267075529345,0.617248928374405,"NM"
2025,291,11.006684163459,1.50850558636465,0.703654497459516,0.789022491701286,0.995520110036641,0.903908816550835,0.648882799987552,0.61992456906561,"NM"
2025,292,24.2741980468676,1.8887755836452,0.75453780992742,0.809310964979088,0.997930634272067,0.913123337185879,0.656988983037761,0.62290059563349,"NM"
2025,293,48.749323979311,2.34558301510845,0.815247260180642,0.836220646736672,1.00629202962252,0.92481238572749,0.665934282437272,0.626328374659981,"NM"
2025,294,59.9382300477976,2.33031809298187,0.87751034729062,0.865873630708168,1.01699366684748,0.937148918266158,0.675298787192471,0.630028797234486,"NM"
2025,295,64.0362559773659,2.16905297849366,0.922565223911939,0.886017311949504,1.02103463572146,0.945041972829769,0.68292684461261,0.63297964600531,"NM"
2025,296,67.8450063332886,2.06733498237849,0.964386046052943,0.906275648503515,1.02566944376858,0.952701489973572,0.690608253166474,0.636032816759787,"NM"
2025,297,50.5664393053789,2.5118023734342,1.01916756613612,0.934154377459717,1.0366946462827,0.963449155954744,0.699300974554949,0.639593016081907,"NM"
2025,298,58.8982871116451,2.38205282029154,1.06748959923833,0.960642290165541,1.04715892972999,0.973542134698092,0.707857780621655,0.643161702341834,"NM"
2025,299,63.148349398725,2.2279072438683,1.10750441897108,0.984701727418033,1.05638980343028,0.982653337263786,0.716140600817071,0.646675093329581,"NM"
2025,300,66.8838284498857,2.12588343089737,1.1420238378876,1.00766340335665,1.06546843394667,0.991452822175743,0.724387194854303,0.650242677620521,"NM"
2025,301,70.386661139233,2.05847981009925,1.17239449070598,1.0299171794322,1.07474684693909,1.00018258049051,0.732667933524865,0.653894413265408,"NM"
2025,302,73.1909728496842,1.99818689121044,1.19597187764881,1.04927486290801,1.08267311258898,1.00795215967483,0.740572515633144,0.657431580695709,"NM"
2025,303,75.8553630789892,1.95564104795064,1.21598597987013,1.06748230479864,1.09048646957489,1.01550715415443,0.748421792074025,0.66100655488852,"NM"
2025,304,78.6115800161282,1.93109247763141,1.23455505942982,1.08561240375602,1.09893360055837,1.02331008146513,0.756411360470458,0.664710712953435,"NM"
2025,305,81.338783407167,1.91544726722929,1.25134416093042,1.10317838433354,1.10764499397042,1.03116842591088,0.764448290597882,0.668497664448848,"NM"
2025,306,83.9230729186196,1.90246645644532,1.265731886281,1.11955034475862,1.11614204290881,1.03882120893662,0.772412758134972,0.672309072655547,"NM"
2025,307,86.5868560327521,1.89779312214266,1.27970338691405,1.13589889881357,1.12521313737322,1.04675353181466,0.780519718814174,0.676246052380396,"NM"
2025,308,89.2573542344591,1.89697599796855,1.29292845105602,1.15188096567615,1.13458202399612,1.05482344760891,0.78870351985228,0.680275905179729,"NM"
2025,309,91.9537080212841,1.89953249959103,1.30573509823265,1.16762906733872,1.1443084880052,1.06308394206844,0.796987481386359,0.684408512037807,"NM"
2025,310,94.5041792400066,1.89926169930292,1.31670112943661,1.18210162818665,1.1536221683721,1.0710950794639,0.80517460924936,0.688549820595013,"NM"
2025,311,97.063479505508,1.90147300179102,1.32725009298596,1.19619733900637,1.16311488927947,1.07921604705823,0.813427660048031,0.69277641981173,"NM"
2025,312,99.5776760806495,1.90382962519631,1.33698576174019,1.20959785331276,1.17252668645918,1.08730447780054,0.821682876742871,0.697057431931883,"NM"
2025,313,101.915551333985,1.90497877364023,1.34559185745052,1.22204380570184,1.18163639096919,1.09523732808021,0.829885739567063,0.701366764034918,"NM"
2025,314,103.837098868848,1.90484128462007,1.35303285920964,1.23346985535939,1.19035712978796,1.10296763445643,0.838016003258886,0.705694739320345,"NM"
2025,315,105.764000231184,1.90736099597673,1.36049065619515,1.24465767962481,1.19919998134458,1.1108008948828,0.846212004388532,0.710106091158952,"NM"
2025,316,107.695615130186,1.91410387364875,1.36872980853306,1.25613182714033,1.20850555657065,1.11894523757331,0.854567412102672,0.714643844438554,"NM"
2025,317,109.631306055187,1.92045195832466,1.37669652707932,1.26718176130787,1.21775149942395,1.12709937753701,0.862945962052544,0.71924312215515,"NM"
2025,318,111.570438954456,1.92747508114095,1.38470342420932,1.27803204630682,1.2270687790543,1.13534420496781,0.871385364650103,0.723921211442854,"NM"
2025,319,113.512383894237,1.93448133127894,1.39260341331611,1.28859425702525,1.23637201830797,1.14363270266742,0.879865219370056,0.728668107656935,"NM"
2025,320,115.456515697116,1.94145375646728,1.4003985376393,1.29888211453714,1.2456488127779,1.15196004867692,0.888384671987862,0.733483258539712,"NM"
2025,321,117.40221455889,1.94722432723002,1.40774184397947,1.30866557087481,1.25471584449624,1.16021874037808,0.896895939103849,0.738344140344256,"NM"
2025,322,119.348866643193,1.95225627115823,1.41469690400638,1.3179924550345,1.26358402856192,1.16841409622389,0.905402460414123,0.743252356735017,"NM"
2025,323,121.295864653216,1.95730654208975,1.42145668777054,1.32699999998168,1.27232924549178,1.17658951655732,0.913924648308957,0.748217367792523,"NM"
2025,324,0.485553029145961,1.34723537915535,1.40344772846469,1.32754513617988,1.27583165339208,1.18186883171437,0.921440682524305,0.752841572834265,"NM"
2025,325,0.458239935113871,0.351166925174819,0.393763719402333,1.23091351453418,1.25252533443001,1.17778035028355,0.924972774214154,0.755837820519103,"NM"
2025,326,0.628540133669893,0.380339772112538,0.402588590006497,1.15229985489386,1.2285845480628,1.17299493886484,0.928197025247654,0.758754228620409,"NM"
2025,327,0.868746334408601,0.418559096212402,0.412486333955537,1.08747425069563,1.20452094823356,1.16772834078852,0.931153021156535,0.761604102213308,"NM"
2025,328,1.21908684995568,0.467340375065674,0.423802753599446,1.0334738252608,1.1807587538185,1.16219078038154,0.933876008150843,0.764398681601159,"NM"
2025,329,1.71371893155727,0.527335940186405,0.43669910760014,0.988314516234557,1.15759717844539,1.15642923262019,0.936386954238394,0.76714290834286,"NM"
2025,330,2.36281838397256,0.597548639241875,0.451179277294819,0.950479773763994,1.13524164242778,1.15048791477507,0.938701425192107,0.769839528997604,"NM"
2025,331,3.17029870500464,0.676698421941466,0.467225964865266,0.918822510122873,1.11382862312291,1.14444238829117,0.940840569155236,0.77249420806257,"NM"
2025,332,4.30945470734704,0.772193206818316,0.485117633418561,0.892550265850105,1.0936105573472,1.13839335371238,0.942872066403558,0.775124521079877,"NM"
2025,333,6.16808445065563,0.898894909282474,0.505389757817626,0.871168811926207,1.07485769222466,1.1324535056615,0.944849718461041,0.777785980047473,"NM"
2025,334,8.34649146822357,1.03115346581812,0.527692067687609,0.854395894395182,1.05753366977806,1.12658133177847,0.946790698359185,0.780495354690914,"NM"
2025,335,10.2956544733273,1.14129309462047,0.551440544073094,0.841634657077812,1.04169957284636,1.12076587589503,0.948795313598611,0.783239573984562,"NM"
2025,336,13.3211845604348,1.27750273009004,0.577376953815095,0.832937572290446,1.02812775899049,1.11562790843416,0.950992287577295,0.786074289179491,"NM"
2025,337,17.9446860068902,1.44327080100859,0.606018353362783,0.828256659147174,1.01705605581133,1.11151867003039,0.95347134510445,0.789034237096005,"NM"
2025,338,19.3482148261225,1.59178194605704,0.637077237539318,0.827150338887662,1.00832670193014,1.10837555794727,0.95621989783979,0.792114254222553,"NM"
2025,339,24.9094503589693,1.71326852191846,0.670067314925132,0.829067382348258,1.00164194188697,1.10603384503808,0.959184768862387,0.795294085797819,"NM"
2025,340,32.7849223329451,1.85886628776439,0.705696423873698,0.834243098309305,0.99731295657555,1.10473906073,0.962476606985018,0.798619162156446,"NM"
2025,341,43.441341759022,2.01856160458107,0.744436865052083,0.842793584261856,0.995514603002986,1.10464495499732,0.966167562276376,0.802117877548762,"NM"
2025,342,52.6454737855837,2.0822100976642,0.784341427303731,0.853487311874316,0.995306964336046,1.10512614802238,0.970022641047042,0.805701220610377,"NM"
2025,343,56.0678447937351,1.99425148289579,0.821834516857179,0.864359800976108,0.995207697239185,1.10517594710479,0.973650747665462,0.809222281882309,"NM"
2025,344,59.1539641009655,1.92948608159029,0.857082500486876,0.875532324945263,0.995435407315959,1.10498299043115,0.97711828100704,0.812714137884003,"NM"
2025,345,61.8135142459684,1.87687992960929,0.890012945935931,0.886933544101177,0.996027748895733,1.1046153438714,0.98044280704682,0.816185415715918,"NM"
2025,346,64.546208064768,1.84323184838422,0.921015604695014,0.898704231561118,0.997163261929199,1.10423566139137,0.983688710600999,0.819660517127596,"NM"
2025,347,67.0823658777502,1.81650505603576,0.950127831432793,0.910758055962824,0.998835017302439,1.10387894997564,0.986865303449347,0.823139341110493,"NM"
2025,348,69.53698059902,1.79715574644304,0.977503208849349,0.923097326531169,1.00107638254401,1.10360583499029,0.989996993869003,0.826629861319444,"NM"
2025,349,71.7394484611834,1.93295152279812,0.9925208076804,0.92567642976128,0.999198468689269,1.101841657032,0.991601688718416,0.828946782191249,"NM"
2025,350,74.0235203123998,2.07430191461824,1.00876503993455,0.928688594794146,0.997565259600033,1.10015129460252,0.993201718608307,0.831272137403426,"NM"
2025,351,76.420800811241,2.22181176897869,1.02618996799609,0.932151351148687,0.996187450728042,1.09854241454974,0.994803290612243,0.83360762047208,"NM"
2025,352,78.8621437283141,2.37287306116121,1.04472963109882,0.93606942713879,0.99506753297696,1.09701639563326,0.996406743471812,0.835952746709108,"NM"
2025,353,81.2234046063011,2.52299401531508,1.06428794269216,0.940436765326987,0.994201395044325,1.09556954461954,0.998009620836926,0.83830537749396,"NM"
2025,354,83.7565226186077,2.67954291345528,1.08488126800735,0.945284733993955,0.993616061068273,1.09422162477003,0.999623605585536,0.84067169109783,"NM"
2025,355,86.2543291293229,2.83530834456498,1.10642625534222,0.950597043427631,0.99330133992244,1.09296456866638,1.00124337702111,0.843047936577252,"NM"
2025,356,88.6741449636577,2.98823490775572,1.12884581275175,0.956368934137096,0.993257535274771,1.09180286302049,1.00286856032267,0.845433353499742,"NM"
2025,357,91.281844843548,3.14624175219446,1.15216294715631,0.962629727877352,0.993512518621126,1.09076064169859,1.00451146224642,0.847834578090162,"NM"
2025,358,93.920979968703,3.30358808865002,1.17632216553745,0.969364555646226,0.994058781482887,1.08983259549051,1.00616851392368,0.850248848035284,"NM"
2025,359,96.5723484595673,3.45898228049466,1.20128284725835,0.976569960387267,0.994898252325153,1.0890204769037,1.00784057030069,0.852676094217923,"NM"
2025,360,99.2635896178603,3.61268987066047,1.22701709011722,0.984246853318519,0.996036421340271,1.08832885739159,1.00953024604728,0.855117299806148,"NM"
2025,361,101.915551333985,3.76178246549872,1.2534713532168,0.992383753675321,0.997469024439239,1.08775516852694,1.01123586705724,0.857570942958075,"NM"
2025,362,103.837098868848,3.90702331354898,1.28061628454805,1.00098119694916,0.999201398197606,1.08730411455498,1.01296025069923,0.860038181967854,"NM"
2025,363,105.764000231184,4.04059005514875,1.30834358463224,1.01000413483945,1.00121097633945,1.08695971050396,1.0146936917559,0.862512845191074,"NM"
2025,364,107.695615130186,4.16425329970284,1.33659863148946,1.01944821887397,1.00349975633796,1.08672432084768,1.01643780133496,0.864995535543767,"NM"
2025,365,109.631306055187,4.28693501681067,1.36540817585137,1.02933779971094,1.00609278626422,1.08661773835163,1.01820518301503,0.86749298700182,"NM"
