"year","DOY","evapotr_cm","Site"
2025,1,0.016064470891087,"SCOLO"
2025,2,0.0169409046620127,"SCOLO"
2025,3,0.0184046101318565,"SCOLO"
2025,4,0.0215844219060605,"SCOLO"
2025,5,0.0186888044304228,"SCOLO"
2025,6,0.0146841223353028,"SCOLO"
2025,7,0.0191303514125134,"SCOLO"
2025,8,0.0165576354756541,"SCOLO"
2025,9,0.017306560766189,"SCOLO"
2025,10,0.0216616825743799,"SCOLO"
2025,11,0.0224811952986812,"SCOLO"
2025,12,0.0288386635439736,"SCOLO"
2025,13,0.0285194466921696,"SCOLO"
2025,14,0.027154149880426,"SCOLO"
2025,15,0.0266477494853577,"SCOLO"
2025,16,0.0307725563006229,"SCOLO"
2025,17,0.0393903190398305,"SCOLO"
2025,18,0.046622496881479,"SCOLO"
2025,19,0.0213419203082417,"SCOLO"
2025,20,0.0165789732115012,"SCOLO"
2025,21,0.0118964011116995,"SCOLO"
2025,22,0.0175332802268505,"SCOLO"
2025,23,0.00337598850835288,"SCOLO"
2025,24,0.0191032045012162,"SCOLO"
2025,25,0.0250317713018725,"SCOLO"
2025,26,0.0241830738230234,"SCOLO"
2025,27,0.0226932927115572,"SCOLO"
2025,28,0.0264297015639833,"SCOLO"
2025,29,0.0209085260681801,"SCOLO"
2025,30,0.00583598780743067,"SCOLO"
2025,31,0.0050287600808462,"SCOLO"
2025,32,0.00497523803370717,"SCOLO"
2025,33,0.00417065039084371,"SCOLO"
2025,34,0.00434505262126758,"SCOLO"
2025,35,0.00382388752732771,"SCOLO"
2025,36,0.00206542140266194,"SCOLO"
2025,37,0.003445162609142,"SCOLO"
2025,38,0.00257269851748611,"SCOLO"
2025,39,0.00279633159167169,"SCOLO"
2025,40,0.00201173910418902,"SCOLO"
2025,41,0.00193183032247741,"SCOLO"
2025,42,0.00200545427737755,"SCOLO"
2025,43,0.0302887282546492,"SCOLO"
2025,44,0.0232939478434981,"SCOLO"
2025,45,0.039183715835617,"SCOLO"
2025,46,0.0295040440541253,"SCOLO"
2025,47,0.0405088544063912,"SCOLO"
2025,48,0.00891736260589183,"SCOLO"
2025,49,0.0443658993317952,"SCOLO"
2025,50,0.0238241745960817,"SCOLO"
2025,51,0.0272843230981109,"SCOLO"
2025,52,0.0402294737854617,"SCOLO"
2025,53,0.0427214859929502,"SCOLO"
2025,54,0.00465248384264283,"SCOLO"
2025,55,0.00569040248955991,"SCOLO"
2025,56,0.00639346354768111,"SCOLO"
2025,57,0.00681536765735986,"SCOLO"
2025,58,0.00560709277360523,"SCOLO"
2025,59,0.00644316705024,"SCOLO"
2025,60,0.00696576131609039,"SCOLO"
2025,61,0.00743627556593322,"SCOLO"
2025,62,0.00857557167946721,"SCOLO"
2025,63,0.118063387677317,"SCOLO"
2025,64,0.0633021210987375,"SCOLO"
2025,65,0.0705035460483171,"SCOLO"
2025,66,0.0886331804679313,"SCOLO"
2025,67,0.0704850458504777,"SCOLO"
2025,68,0.0696417581633899,"SCOLO"
2025,69,0.0766832896527763,"SCOLO"
2025,70,0.0165490378262968,"SCOLO"
2025,71,0.0151186657658014,"SCOLO"
2025,72,0.0150313380990825,"SCOLO"
2025,73,0.0160407242654744,"SCOLO"
2025,74,0.01399586861025,"SCOLO"
2025,75,0.0127283197684915,"SCOLO"
2025,76,0.0145967491184526,"SCOLO"
2025,77,0.0180847036227117,"SCOLO"
2025,78,0.0557188282648063,"SCOLO"
2025,79,0.0163381434978233,"SCOLO"
2025,80,0.0186285175370257,"SCOLO"
2025,81,0.0197738350402647,"SCOLO"
2025,82,0.0225802307379095,"SCOLO"
2025,83,0.0197778028360226,"SCOLO"
2025,84,0.0227787334552185,"SCOLO"
2025,85,0.023190914536153,"SCOLO"
2025,86,0.0242521915411758,"SCOLO"
2025,87,0.026856550792167,"SCOLO"
2025,88,0.0275684081474479,"SCOLO"
2025,89,0.152966886659737,"SCOLO"
2025,90,0.142894839957813,"SCOLO"
2025,91,0.129595452109042,"SCOLO"
2025,92,0.170969216589942,"SCOLO"
2025,93,0.1262590131064,"SCOLO"
2025,94,0.15620339696927,"SCOLO"
2025,95,0.140609085611054,"SCOLO"
2025,96,0.10271920481289,"SCOLO"
2025,97,0.117920307623726,"SCOLO"
2025,98,0.138212648299147,"SCOLO"
2025,99,0.162832714681777,"SCOLO"
2025,100,0.170266617224816,"SCOLO"
2025,101,0.146443254296171,"SCOLO"
2025,102,0.0457285595594982,"SCOLO"
2025,103,0.0518860083064642,"SCOLO"
2025,104,0.047379322824378,"SCOLO"
2025,105,0.0395573133453889,"SCOLO"
2025,106,0.0452296951418075,"SCOLO"
2025,107,0.0518186973942193,"SCOLO"
2025,108,0.0512609701861169,"SCOLO"
2025,109,0.0387750923065491,"SCOLO"
2025,110,0.0410892352916155,"SCOLO"
2025,111,0.0479563507947923,"SCOLO"
2025,112,0.0550457430075739,"SCOLO"
2025,113,0.0605283556561824,"SCOLO"
2025,114,0.0890594462926898,"SCOLO"
2025,115,0.230250760847369,"SCOLO"
2025,116,0.165915190628116,"SCOLO"
2025,117,0.174439940322471,"SCOLO"
2025,118,0.0578211349715029,"SCOLO"
2025,119,0.0500037591451752,"SCOLO"
2025,120,0.0457009504670335,"SCOLO"
2025,121,0.0814649788202327,"SCOLO"
2025,122,0.0707968836648886,"SCOLO"
2025,123,0.0388094235285994,"SCOLO"
2025,124,0.043269080162023,"SCOLO"
2025,125,0.0471924964338679,"SCOLO"
2025,126,0.0849963157189474,"SCOLO"
2025,127,0.234695513851762,"SCOLO"
2025,128,0.248251417215137,"SCOLO"
2025,129,0.229868630086755,"SCOLO"
2025,130,0.24306093579222,"SCOLO"
2025,131,0.255593949116125,"SCOLO"
2025,132,0.269990182558856,"SCOLO"
2025,133,0.261633619404421,"SCOLO"
2025,134,0.130390503701456,"SCOLO"
2025,135,0.122675176303174,"SCOLO"
2025,136,0.121632584118373,"SCOLO"
2025,137,0.125408458291501,"SCOLO"
2025,138,0.128148476390029,"SCOLO"
2025,139,0.132231556931198,"SCOLO"
2025,140,0.287850553144671,"SCOLO"
2025,141,0.249377295489431,"SCOLO"
2025,142,0.145370442776537,"SCOLO"
2025,143,0.11844387732831,"SCOLO"
2025,144,0.149997382584341,"SCOLO"
2025,145,0.267580991650354,"SCOLO"
2025,146,0.237245485122531,"SCOLO"
2025,147,0.0775851885704551,"SCOLO"
2025,148,0.226746974342615,"SCOLO"
2025,149,0.10415718561668,"SCOLO"
2025,150,0.16961189199904,"SCOLO"
2025,151,0.0559978846135821,"SCOLO"
2025,152,0.090778235564677,"SCOLO"
2025,153,0.0520414569970097,"SCOLO"
2025,154,0.375326435398861,"SCOLO"
2025,155,0.314776815231015,"SCOLO"
2025,156,0.337107379766265,"SCOLO"
2025,157,0.362584619847879,"SCOLO"
2025,158,0.351724475797187,"SCOLO"
2025,159,0.348373917320889,"SCOLO"
2025,160,0.323556022213004,"SCOLO"
2025,161,0.341978306008957,"SCOLO"
2025,162,0.333929552759949,"SCOLO"
2025,163,0.202731033168587,"SCOLO"
2025,164,0.200377992014651,"SCOLO"
2025,165,0.421747174940044,"SCOLO"
2025,166,0.423326796248309,"SCOLO"
2025,167,0.36555493975294,"SCOLO"
2025,168,0.290357390067675,"SCOLO"
2025,169,0.0668960606126125,"SCOLO"
2025,170,0.0432728179724266,"SCOLO"
2025,171,0.0423757103338553,"SCOLO"
2025,172,0.0426701188328081,"SCOLO"
2025,173,0.041913055571227,"SCOLO"
2025,174,0.0373840124183562,"SCOLO"
2025,175,0.0304065612729052,"SCOLO"
2025,176,0.0670507624454037,"SCOLO"
2025,177,0.0587192607199901,"SCOLO"
2025,178,0.0229827171963283,"SCOLO"
2025,179,0.0224525148064293,"SCOLO"
2025,180,0.0198919013969485,"SCOLO"
2025,181,0.0188776232085022,"SCOLO"
2025,182,0.0170032766246899,"SCOLO"
2025,183,0.0168087826947994,"SCOLO"
2025,184,0.0158462121349905,"SCOLO"
2025,185,0.0146666571146719,"SCOLO"
2025,186,0.0827826089115349,"SCOLO"
2025,187,0.304624552522748,"SCOLO"
2025,188,0.386513224772153,"SCOLO"
2025,189,0.308974310640702,"SCOLO"
2025,190,0.249226791686714,"SCOLO"
2025,191,0.134665416602707,"SCOLO"
2025,192,0.290798927055718,"SCOLO"
2025,193,0.352319874393321,"SCOLO"
2025,194,0.233410421567591,"SCOLO"
2025,195,0.165976323786917,"SCOLO"
2025,196,0.0112374768213697,"SCOLO"
2025,197,0.0112662838513778,"SCOLO"
2025,198,0.212234865778384,"SCOLO"
2025,199,0.0217872915055481,"SCOLO"
2025,200,0.017397991314089,"SCOLO"
2025,201,0.0549017959642184,"SCOLO"
2025,202,0.0152291126618145,"SCOLO"
2025,203,0.289668671443261,"SCOLO"
2025,204,0.24037274977483,"SCOLO"
2025,205,0.392620040836446,"SCOLO"
2025,206,0.322082460432997,"SCOLO"
2025,207,0.270120284470164,"SCOLO"
2025,208,0.186097656209311,"SCOLO"
2025,209,0.0116896731219411,"SCOLO"
2025,210,0.0110000336465958,"SCOLO"
2025,211,0.270635969049359,"SCOLO"
2025,212,0.143066743048473,"SCOLO"
2025,213,0.00941649832779552,"SCOLO"
2025,214,0.00888604494633842,"SCOLO"
2025,215,0.383086916229095,"SCOLO"
2025,216,0.34339076770972,"SCOLO"
2025,217,0.367497213765378,"SCOLO"
2025,218,0.223782825584789,"SCOLO"
2025,219,0.0379708297544725,"SCOLO"
2025,220,0.0146522889452517,"SCOLO"
2025,221,0.0468201034895276,"SCOLO"
2025,222,0.29094183791419,"SCOLO"
2025,223,0.194221795943,"SCOLO"
2025,224,0.0187221024089416,"SCOLO"
2025,225,0.0143951111372735,"SCOLO"
2025,226,0.0130342729949132,"SCOLO"
2025,227,0.0121851711128442,"SCOLO"
2025,228,0.0110289610909531,"SCOLO"
2025,229,0.00990383491841712,"SCOLO"
2025,230,0.00912000754939889,"SCOLO"
2025,231,0.00860711297892939,"SCOLO"
2025,232,0.00769193670178149,"SCOLO"
2025,233,0.00724045539904271,"SCOLO"
2025,234,0.00691643821592789,"SCOLO"
2025,235,0.0066140974912028,"SCOLO"
2025,236,0.00626577296708116,"SCOLO"
2025,237,0.0404701881530223,"SCOLO"
2025,238,0.00689400645008856,"SCOLO"
2025,239,0.155171431663455,"SCOLO"
2025,240,0.162108350819761,"SCOLO"
2025,241,0.30690453609764,"SCOLO"
2025,242,0.313662955071957,"SCOLO"
2025,243,0.288816903408945,"SCOLO"
2025,244,0.254291403116366,"SCOLO"
2025,245,0.248146379315049,"SCOLO"
2025,246,0.24641677649259,"SCOLO"
2025,247,0.229079135835533,"SCOLO"
2025,248,0.0982208893813178,"SCOLO"
2025,249,0.221675390150847,"SCOLO"
2025,250,0.209641561443008,"SCOLO"
2025,251,0.230370097598288,"SCOLO"
2025,252,0.240029133110253,"SCOLO"
2025,253,0.268705074371676,"SCOLO"
2025,254,0.220322185761309,"SCOLO"
2025,255,0.243795205559088,"SCOLO"
2025,256,0.0832187500718165,"SCOLO"
2025,257,0.178999197480337,"SCOLO"
2025,258,0.044133404284753,"SCOLO"
2025,259,0.0270198672016156,"SCOLO"
2025,260,0.0478664372877874,"SCOLO"
2025,261,0.211818384129269,"SCOLO"
2025,262,0.204036603997088,"SCOLO"
2025,263,0.17135782533774,"SCOLO"
2025,264,0.150533070143019,"SCOLO"
2025,265,0.141209264013425,"SCOLO"
2025,266,0.116566384283774,"SCOLO"
2025,267,0.0703882942201776,"SCOLO"
2025,268,0.00805632228383078,"SCOLO"
2025,269,0.00704029480455402,"SCOLO"
2025,270,0.00651721476826617,"SCOLO"
2025,271,0.00581361529629717,"SCOLO"
2025,272,0.00551488591290527,"SCOLO"
2025,273,0.00483675484206144,"SCOLO"
2025,274,0.00450260957722288,"SCOLO"
2025,275,0.00411104747566143,"SCOLO"
2025,276,0.00394293778901825,"SCOLO"
2025,277,0.00389796820736578,"SCOLO"
2025,278,0.107656339970629,"SCOLO"
2025,279,0.00462717480869389,"SCOLO"
2025,280,0.0365312643046008,"SCOLO"
2025,281,0.00607057162025288,"SCOLO"
2025,282,0.00581651908514209,"SCOLO"
2025,283,0.00527955699485583,"SCOLO"
2025,284,0.00454945438935498,"SCOLO"
2025,285,0.00439020452165644,"SCOLO"
2025,286,0.00371905169946975,"SCOLO"
2025,287,0.0612254704142451,"SCOLO"
2025,288,0.00702679725259165,"SCOLO"
2025,289,0.00630449981792971,"SCOLO"
2025,290,0.0344378276439644,"SCOLO"
2025,291,0.00403794222913584,"SCOLO"
2025,292,0.00330127977524387,"SCOLO"
2025,293,0.00325209117911238,"SCOLO"
2025,294,0.00270050021834479,"SCOLO"
2025,295,0.00264352122776308,"SCOLO"
2025,296,0.00256239825842357,"SCOLO"
2025,297,0.08318617539544,"SCOLO"
2025,298,0.0558238400531329,"SCOLO"
2025,299,0.0571654742606714,"SCOLO"
2025,300,0.0551711409073359,"SCOLO"
2025,301,0.0814117870347921,"SCOLO"
2025,302,0.0398109691507661,"SCOLO"
2025,303,0.039959676371644,"SCOLO"
2025,304,0.0422472513017415,"SCOLO"
2025,305,0.0384853137501199,"SCOLO"
2025,306,0.0379998045268088,"SCOLO"
2025,307,0.0501939303896546,"SCOLO"
2025,308,0.0412507866950608,"SCOLO"
2025,309,0.0456653438482042,"SCOLO"
2025,310,0.0400949890793365,"SCOLO"
2025,311,0.0425586027571434,"SCOLO"
2025,312,0.0368424633840409,"SCOLO"
2025,313,0.0336709792488682,"SCOLO"
2025,314,0.0289816224971675,"SCOLO"
2025,315,0.0321315936798072,"SCOLO"
2025,316,0.0391318463723576,"SCOLO"
2025,317,0.0369503815068842,"SCOLO"
2025,318,0.0388843648867246,"SCOLO"
2025,319,0.0382170022822534,"SCOLO"
2025,320,0.0329682916652464,"SCOLO"
2025,321,0.0109131962906719,"SCOLO"
2025,322,0.0057576930664653,"SCOLO"
2025,323,0.00428893401462845,"SCOLO"
2025,324,0.00370183795443602,"SCOLO"
2025,325,0.0548743294942121,"SCOLO"
2025,326,0.0268377556979365,"SCOLO"
2025,327,0.0295294031651717,"SCOLO"
2025,328,0.0544132458936877,"SCOLO"
2025,329,0.0268663451782674,"SCOLO"
2025,330,0.023714698573225,"SCOLO"
2025,331,0.0222685334445078,"SCOLO"
2025,332,0.0243490363262743,"SCOLO"
2025,333,0.0233966071778331,"SCOLO"
2025,334,0.0164633592897279,"SCOLO"
2025,335,0.000221413412520952,"SCOLO"
2025,336,0.000207867853342707,"SCOLO"
2025,337,0.000214963206911222,"SCOLO"
2025,338,0.0274071689098399,"SCOLO"
2025,339,0.0221552775351936,"SCOLO"
2025,340,0.0266817623074139,"SCOLO"
2025,341,0.000177845289018061,"SCOLO"
2025,342,0.0201593410643543,"SCOLO"
2025,343,0.0217110918624322,"SCOLO"
2025,344,0.0243500614766179,"SCOLO"
2025,345,0.022130708686285,"SCOLO"
2025,346,0.0276325033658713,"SCOLO"
2025,347,0.0223782409526347,"SCOLO"
2025,348,0.0209856468745624,"SCOLO"
2025,349,0.0164213147001911,"SCOLO"
2025,350,0.0240265347881631,"SCOLO"
2025,351,0.0244541569803814,"SCOLO"
2025,352,0.0248011788641745,"SCOLO"
2025,353,0.0193238673330331,"SCOLO"
2025,354,0.0231272020639764,"SCOLO"
2025,355,0.0169163229651852,"SCOLO"
2025,356,0.0205762168196508,"SCOLO"
2025,357,0.0299657170559991,"SCOLO"
2025,358,0.027472651497873,"SCOLO"
2025,359,0.0303966724088887,"SCOLO"
2025,360,0.0302173902478714,"SCOLO"
2025,361,0.0263808807424601,"SCOLO"
2025,362,0.0280120267093018,"SCOLO"
2025,363,0.0178892120987176,"SCOLO"
2025,364,0.0202173734866784,"SCOLO"
2025,365,0.0201843421400889,"SCOLO"
