site,date,mean
TX,2025-01-01,1.4308713176470587E7
NM,2025-01-01,1.0797467578947367E7
SCOLO,2025-01-01,1.0159346086956521E7
NCOLO,2025-01-01,7653232.0
WY,2025-01-01,6299550.133333334
MT,2025-01-01,3863193.0
SASK,2025-01-01,4465666.372881356
TX,2025-01-02,1.4723523294117644E7
NM,2025-01-02,1.2613043789473685E7
SCOLO,2025-01-02,1.0551207304347826E7
NCOLO,2025-01-02,7774048.0
WY,2025-01-02,7733862.933333334
MT,2025-01-02,5173928.461538462
SASK,2025-01-02,4020879.9999999995
TX,2025-01-03,1.4892855411764706E7
NM,2025-01-03,1.2917204315789474E7
SCOLO,2025-01-03,1.0556996086956521E7
NCOLO,2025-01-03,9195936.0
WY,2025-01-03,5092879.733333333
MT,2025-01-03,5042513.076923077
SASK,2025-01-03,4517085.898305085
TX,2025-01-04,1.3890025294117646E7
NM,2025-01-04,8192415.789473684
SCOLO,2025-01-04,3912627.826086957
NCOLO,2025-01-04,4772436.0
WY,2025-01-04,3820684.8888888885
MT,2025-01-04,2897007.6153846155
SASK,2025-01-04,3568038.983050847
TX,2025-01-05,1.4644512235294115E7
NM,2025-01-05,1.3215093894736841E7
SCOLO,2025-01-05,1.0219433652173912E7
NCOLO,2025-01-05,6984488.0
WY,2025-01-05,5947750.9333333345
MT,2025-01-05,5838516.846153847
SASK,2025-01-05,3265226.847457627
TX,2025-01-06,1.4222897647058822E7
NM,2025-01-06,1.1388035157894736E7
SCOLO,2025-01-06,1.0668870173913043E7
NCOLO,2025-01-06,4961380.0
WY,2025-01-06,7325310.133333333
MT,2025-01-06,5022171.230769231
SASK,2025-01-06,4851482.237288135
TX,2025-01-07,1.4695560117647057E7
NM,2025-01-07,9812059.684210526
SCOLO,2025-01-07,4428776.173913043
NCOLO,2025-01-07,8161660.0
WY,2025-01-07,7663067.022222223
MT,2025-01-07,6036397.615384616
SASK,2025-01-07,4920364.20338983
TX,2025-01-08,1.3301463882352939E7
NM,2025-01-08,9883917.684210526
SCOLO,2025-01-08,1.124393347826087E7
NCOLO,2025-01-08,1.0449196E7
WY,2025-01-08,7912729.688888888
MT,2025-01-08,2615198.307692308
SASK,2025-01-08,3790131.2542372877
TX,2025-01-09,1.3769638352941176E7
NM,2025-01-09,7006912.52631579
SCOLO,2025-01-09,4585347.043478261
NCOLO,2025-01-09,7963256.0
WY,2025-01-09,7007977.6
MT,2025-01-09,6827817.692307693
SASK,2025-01-09,5383564.06779661
TX,2025-01-10,1.4465447764705881E7
NM,2025-01-10,1.3874632526315788E7
SCOLO,2025-01-10,1.1680242347826086E7
NCOLO,2025-01-10,1.0344268E7
WY,2025-01-10,8687578.755555555
MT,2025-01-10,4738536.076923077
SASK,2025-01-10,2709853.627118644
TX,2025-01-11,1.5814131411764706E7
NM,2025-01-11,1.3649163684210524E7
SCOLO,2025-01-11,8712415.304347826
NCOLO,2025-01-11,7702324.0
WY,2025-01-11,6462284.711111111
MT,2025-01-11,2808530.4615384615
SASK,2025-01-11,2971357.0169491526
TX,2025-01-12,1.4920343058823528E7
NM,2025-01-12,1.3455576210526315E7
SCOLO,2025-01-12,1.132956104347826E7
NCOLO,2025-01-12,1.0462756E7
WY,2025-01-12,7580955.111111111
MT,2025-01-12,5793618.692307693
SASK,2025-01-12,5334334.644067796
TX,2025-01-13,1.5532692352941176E7
NM,2025-01-13,1.1392731894736841E7
SCOLO,2025-01-13,1.1529959304347826E7
NCOLO,2025-01-13,1.0852364E7
WY,2025-01-13,8921119.822222224
MT,2025-01-13,6674217.769230769
SASK,2025-01-13,3025786.779661017
TX,2025-01-14,1.5672592117647057E7
NM,2025-01-14,1.3936164210526315E7
SCOLO,2025-01-14,1.1935551304347824E7
NCOLO,2025-01-14,1.0219092E7
WY,2025-01-14,6730098.666666666
MT,2025-01-14,7053957.461538462
SASK,2025-01-14,5571786.915254237
TX,2025-01-15,1.5276097411764706E7
NM,2025-01-15,1.4387159684210526E7
SCOLO,2025-01-15,1.2081547739130432E7
NCOLO,2025-01-15,1.068714E7
WY,2025-01-15,9325068.533333333
MT,2025-01-15,6382740.999999999
SASK,2025-01-15,3700116.8135593217
TX,2025-01-16,1.4338579882352939E7
NM,2025-01-16,1.4039678105263157E7
SCOLO,2025-01-16,1.1827049130434783E7
NCOLO,2025-01-16,1.0890724E7
WY,2025-01-16,9722285.6
MT,2025-01-16,6476361.923076923
SASK,2025-01-16,5366087.661016949
TX,2025-01-17,1.5385452470588233E7
NM,2025-01-17,1.4091070947368419E7
SCOLO,2025-01-17,1.2007927217391303E7
NCOLO,2025-01-17,9068640.0
WY,2025-01-17,5354888.0
MT,2025-01-17,4417980.0
SASK,2025-01-17,4316032.406779661
TX,2025-01-18,1.6325719647058818E7
NM,2025-01-18,1.4126362842105262E7
SCOLO,2025-01-18,6902029.565217391
NCOLO,2025-01-18,8583188.0
WY,2025-01-18,8651918.133333335
MT,2025-01-18,7420287.923076923
SASK,2025-01-18,6378747.050847458
TX,2025-01-19,1.6293034117647056E7
NM,2025-01-19,1.4643738210526314E7
SCOLO,2025-01-19,1.2458278956521738E7
NCOLO,2025-01-19,9666384.0
WY,2025-01-19,8449400.888888888
MT,2025-01-19,8244950.153846154
SASK,2025-01-19,6738704.5423728805
TX,2025-01-20,1.653410905882353E7
NM,2025-01-20,1.4039950315789472E7
SCOLO,2025-01-20,1.0257913913043479E7
NCOLO,2025-01-20,1.169236E7
WY,2025-01-20,1.0714508888888888E7
MT,2025-01-20,8246385.538461539
SASK,2025-01-20,6651539.796610169
TX,2025-01-21,1.698466588235294E7
NM,2025-01-21,1.528758852631579E7
SCOLO,2025-01-21,1.2883042434782607E7
NCOLO,2025-01-21,9193108.0
WY,2025-01-21,8049613.155555555
MT,2025-01-21,5860628.307692307
SASK,2025-01-21,6060116.949152541
TX,2025-01-22,1.6253391529411763E7
NM,2025-01-22,1.5328064526315786E7
SCOLO,2025-01-22,1.2849094173913041E7
NCOLO,2025-01-22,1.1430816E7
WY,2025-01-22,7814727.377777778
MT,2025-01-22,5588581.307692307
SASK,2025-01-22,4462291.322033898
TX,2025-01-23,1.6903709647058822E7
NM,2025-01-23,1.1400524315789472E7
SCOLO,2025-01-23,1.1797009826086955E7
NCOLO,2025-01-23,1.216834E7
WY,2025-01-23,1.05711664E7
MT,2025-01-23,5639286.153846154
SASK,2025-01-23,3983901.966101695
TX,2025-01-24,1.7402634352941174E7
NM,2025-01-24,1.5444961368421054E7
SCOLO,2025-01-24,1.3104099565217389E7
NCOLO,2025-01-24,9095624.0
WY,2025-01-24,6571845.777777778
MT,2025-01-24,8104451.692307692
SASK,2025-01-24,3944991.661016949
TX,2025-01-25,1.6335130235294115E7
NM,2025-01-25,1.1959539263157893E7
SCOLO,2025-01-25,8096064.521739129
NCOLO,2025-01-25,5977712.0
WY,2025-01-25,8169191.022222222
MT,2025-01-25,8664195.615384616
SASK,2025-01-25,7108528.949152541
TX,2025-01-26,1.6400389176470587E7
NM,2025-01-26,1.5122384736842103E7
SCOLO,2025-01-26,1.1232633217391305E7
NCOLO,2025-01-26,1.0299324E7
WY,2025-01-26,1.133485831111111E7
MT,2025-01-26,8228505.692307693
SASK,2025-01-26,6787705.762711864
TX,2025-01-27,1.5728778941176467E7
NM,2025-01-27,1.5384301684210526E7
SCOLO,2025-01-27,1.3546663652173912E7
NCOLO,2025-01-27,1.2764872E7
WY,2025-01-27,1.0969343377777778E7
MT,2025-01-27,8648889.538461538
SASK,2025-01-27,7082775.118644068
TX,2025-01-28,1.3263426E7
NM,2025-01-28,1.2859985684210524E7
SCOLO,2025-01-28,1.3707079130434781E7
NCOLO,2025-01-28,1.2716112E7
WY,2025-01-28,1.117524151111111E7
MT,2025-01-28,8621969.307692308
SASK,2025-01-28,6664575.457627119
TX,2025-01-29,1.685114E7
NM,2025-01-29,9363831.263157895
SCOLO,2025-01-29,1.1742643652173912E7
NCOLO,2025-01-29,1.2716544E7
WY,2025-01-29,1.1271003377777778E7
MT,2025-01-29,9109733.538461538
SASK,2025-01-29,6796762.644067796
TX,2025-01-30,1.7559876235294115E7
NM,2025-01-30,1.5254039999999998E7
SCOLO,2025-01-30,1.0080912173913043E7
NCOLO,2025-01-30,1.2748968E7
WY,2025-01-30,1.1816924711111112E7
MT,2025-01-30,9167961.615384616
SASK,2025-01-30,7554763.186440676
TX,2025-01-31,1.7900384117647056E7
NM,2025-01-31,1.6194801894736841E7
SCOLO,2025-01-31,1.4097400695652172E7
NCOLO,2025-01-31,1.271942E7
WY,2025-01-31,1.0227424355555555E7
MT,2025-01-31,6166992.923076922
SASK,2025-01-31,3241080.7457627114
TX,2025-02-01,1.822452482352941E7
NM,2025-02-01,1.6152255578947367E7
SCOLO,2025-02-01,9272228.434782607
NCOLO,2025-02-01,1.0453704E7
WY,2025-02-01,1.1051735822222222E7
MT,2025-02-01,7833043.23076923
SASK,2025-02-01,5170286.237288135
TX,2025-02-02,1.7702878588235296E7
NM,2025-02-02,1.582107652631579E7
SCOLO,2025-02-02,1.3355790173913041E7
NCOLO,2025-02-02,1.1867608E7
WY,2025-02-02,7353622.577777779
MT,2025-02-02,5757133.384615385
SASK,2025-02-02,6158913.084745763
TX,2025-02-03,1.7778220588235293E7
NM,2025-02-03,1.6564965052631576E7
SCOLO,2025-02-03,1.228834860869565E7
NCOLO,2025-02-03,1.2983812E7
WY,2025-02-03,8112048.977777778
MT,2025-02-03,7269394.076923077
SASK,2025-02-03,8558861.491525425
TX,2025-02-04,1.8013017882352937E7
NM,2025-02-04,1.6137646947368419E7
SCOLO,2025-02-04,1.1689315304347826E7
NCOLO,2025-02-04,1.0971884E7
WY,2025-02-04,9967192.8
MT,2025-02-04,5907410.846153846
SASK,2025-02-04,5368095.186440678
TX,2025-02-05,1.8147119882352937E7
NM,2025-02-05,1.695950642105263E7
SCOLO,2025-02-05,1.4359600782608695E7
NCOLO,2025-02-05,1.3327964E7
WY,2025-02-05,1.128129191111111E7
MT,2025-02-05,5609468.615384616
SASK,2025-02-05,4194932.610169492
TX,2025-02-06,1.8361783705882348E7
NM,2025-02-06,1.747284331578947E7
SCOLO,2025-02-06,1.490853252173913E7
NCOLO,2025-02-06,1.3416818E7
WY,2025-02-06,1.2073356222222224E7
MT,2025-02-06,1.064643426923077E7
SASK,2025-02-06,9084174.169491524
TX,2025-02-07,1.8430791470588233E7
NM,2025-02-07,1.7503053999999996E7
SCOLO,2025-02-07,1.4950992434782607E7
NCOLO,2025-02-07,1.3851824E7
WY,2025-02-07,1.0397414844444444E7
MT,2025-02-07,5659191.807692307
SASK,2025-02-07,8634839.627118643
TX,2025-02-08,1.836320070588235E7
NM,2025-02-08,1.748212336842105E7
SCOLO,2025-02-08,1.4995332869565215E7
NCOLO,2025-02-08,1.363715E7
WY,2025-02-08,1.2781529555555554E7
MT,2025-02-08,1.105534876923077E7
SASK,2025-02-08,8325756.915254237
TX,2025-02-09,1.840683247058823E7
NM,2025-02-09,1.7151759157894738E7
SCOLO,2025-02-09,1.5291170782608695E7
NCOLO,2025-02-09,1.3506504E7
WY,2025-02-09,1.3276726755555555E7
MT,2025-02-09,1.0992337846153846E7
SASK,2025-02-09,9180406.576271186
TX,2025-02-10,1.1772359235294117E7
NM,2025-02-10,8447225.157894734
SCOLO,2025-02-10,1.4874371478260867E7
NCOLO,2025-02-10,1.433003E7
WY,2025-02-10,1.1659116044444446E7
MT,2025-02-10,1.1770983730769232E7
SASK,2025-02-10,1.0172600203389829E7
TX,2025-02-11,1.7538462882352937E7
NM,2025-02-11,1.4979869052631576E7
SCOLO,2025-02-11,6779511.826086956
NCOLO,2025-02-11,1.1813224E7
WY,2025-02-11,1.00119136E7
MT,2025-02-11,1.1620502576923076E7
SASK,2025-02-11,9056295.93220339
TX,2025-02-12,1.8834690588235293E7
NM,2025-02-12,1.0731361E7
SCOLO,2025-02-12,1.5991352347826086E7
NCOLO,2025-02-12,1.419241E7
WY,2025-02-12,1.341706551111111E7
MT,2025-02-12,1.1798016538461538E7
SASK,2025-02-12,1.059311054237288E7
TX,2025-02-13,1.4402997411764704E7
NM,2025-02-13,1.695330694736842E7
SCOLO,2025-02-13,1.6926990695652172E7
NCOLO,2025-02-13,1.4719356E7
WY,2025-02-13,1.35243152E7
MT,2025-02-13,1.2223859846153846E7
SASK,2025-02-13,1.0412289084745763E7
TX,2025-02-14,1.8977553529411763E7
NM,2025-02-14,1.4114633578947367E7
SCOLO,2025-02-14,1.5035824347826086E7
NCOLO,2025-02-14,1.1457024E7
WY,2025-02-14,1.1714963466666667E7
MT,2025-02-14,9455257.230769232
SASK,2025-02-14,8982083.525423728
TX,2025-02-15,1.9882012529411763E7
NM,2025-02-15,1.7475359842105262E7
SCOLO,2025-02-15,1.0799795652173912E7
NCOLO,2025-02-15,6711682.0
WY,2025-02-15,1.0211146799999999E7
MT,2025-02-15,1.113408846153846E7
SASK,2025-02-15,8857475.661016949
TX,2025-02-16,1.9967858411764704E7
NM,2025-02-16,1.829662957894737E7
SCOLO,2025-02-16,1.6488647782608695E7
NCOLO,2025-02-16,1.1684406E7
WY,2025-02-16,1.212797848888889E7
MT,2025-02-16,1.0797478038461538E7
SASK,2025-02-16,1.1159147050847458E7
TX,2025-02-17,2.00528574117647E7
NM,2025-02-17,1.7697463684210524E7
SCOLO,2025-02-17,1.6505344086956521E7
NCOLO,2025-02-17,1.3330182E7
WY,2025-02-17,7167541.555555556
MT,2025-02-17,1.0412017653846152E7
SASK,2025-02-17,1.1695062440677965E7
TX,2025-02-18,2.024061976470588E7
NM,2025-02-18,1.223588594736842E7
SCOLO,2025-02-18,1.2981539000000002E7
NCOLO,2025-02-18,1.3767798E7
WY,2025-02-18,9767429.333333334
MT,2025-02-18,1.2885406038461538E7
SASK,2025-02-18,1.2147955288135592E7
TX,2025-02-19,2.0416376764705878E7
NM,2025-02-19,1.745817284210526E7
SCOLO,2025-02-19,1.7661263304347824E7
NCOLO,2025-02-19,1.5970248E7
WY,2025-02-19,1.548568671111111E7
MT,2025-02-19,1.3624758192307692E7
SASK,2025-02-19,1.2295936576271186E7
TX,2025-02-20,2.037980923529412E7
NM,2025-02-20,1.742623147368421E7
SCOLO,2025-02-20,1.7645100391304344E7
NCOLO,2025-02-20,1.4340294E7
WY,2025-02-20,1.5097422355555557E7
MT,2025-02-20,1.2920136307692308E7
SASK,2025-02-20,1.1092533796610171E7
TX,2025-02-21,2.0453773764705878E7
NM,2025-02-21,1.9269209E7
SCOLO,2025-02-21,1.656391265217391E7
NCOLO,2025-02-21,1.677798E7
WY,2025-02-21,1.5657709777777778E7
MT,2025-02-21,1.336932126923077E7
SASK,2025-02-21,1.0839594610169493E7
TX,2025-02-22,2.0682855352941174E7
NM,2025-02-22,1.885735052631579E7
SCOLO,2025-02-22,1.7930476739130434E7
NCOLO,2025-02-22,1.7847018E7
WY,2025-02-22,1.4046975511111112E7
MT,2025-02-22,1.0458798846153848E7
SASK,2025-02-22,1.0954438203389827E7
TX,2025-02-23,2.1486012470588233E7
NM,2025-02-23,1.992919342105263E7
SCOLO,2025-02-23,1.803562565217391E7
NCOLO,2025-02-23,1.7610448E7
WY,2025-02-23,1.4277456933333334E7
MT,2025-02-23,1.0135607076923078E7
SASK,2025-02-23,9399112.915254235
TX,2025-02-24,2.156202E7
NM,2025-02-24,1.9681784E7
SCOLO,2025-02-24,1.77695882173913E7
NCOLO,2025-02-24,1.6801148E7
WY,2025-02-24,1.3155619422222221E7
MT,2025-02-24,1.2762825230769232E7
SASK,2025-02-24,1.258551061016949E7
TX,2025-02-25,2.1747338529411763E7
NM,2025-02-25,2.0065733842105262E7
SCOLO,2025-02-25,1.812876852173913E7
NCOLO,2025-02-25,1.7151708E7
WY,2025-02-25,1.3762504177777778E7
MT,2025-02-25,1.1657776692307692E7
SASK,2025-02-25,1.1357323050847456E7
TX,2025-02-26,2.013568176470588E7
NM,2025-02-26,2.0122762263157893E7
SCOLO,2025-02-26,1.7994674260869566E7
NCOLO,2025-02-26,1.6152514E7
WY,2025-02-26,1.4670376977777777E7
MT,2025-02-26,1.3702269846153846E7
SASK,2025-02-26,1.2376234711864404E7
TX,2025-02-27,1.9779257117647056E7
NM,2025-02-27,2.0043580684210524E7
SCOLO,2025-02-27,1.9027910739130434E7
NCOLO,2025-02-27,1.8009388E7
WY,2025-02-27,1.6335146755555555E7
MT,2025-02-27,1.3867160192307694E7
SASK,2025-02-27,1.1646724711864406E7
TX,2025-02-28,2.1576997999999996E7
NM,2025-02-28,2.0524143315789472E7
SCOLO,2025-02-28,1.9124695043478258E7
NCOLO,2025-02-28,1.8381104E7
WY,2025-02-28,1.6584531155555554E7
MT,2025-02-28,1.3568388461538462E7
SASK,2025-02-28,1.2698006677966101E7
TX,2025-03-01,1.9992275529411763E7
NM,2025-03-01,2.079503442105263E7
SCOLO,2025-03-01,1.9270551652173914E7
NCOLO,2025-03-01,1.8537574E7
WY,2025-03-01,1.687045262222222E7
MT,2025-03-01,1.3703097999999998E7
SASK,2025-03-01,1.2758255627118643E7
TX,2025-03-02,2.2295692058823526E7
NM,2025-03-02,2.0551518578947365E7
SCOLO,2025-03-02,1.575631865217391E7
NCOLO,2025-03-02,1.8276816E7
WY,2025-03-02,1.739177097777778E7
MT,2025-03-02,1.4919736307692308E7
SASK,2025-03-02,1.3390646881355934E7
TX,2025-03-03,2.2306483374037795E7
NM,2025-03-03,1.9881675011808693E7
SCOLO,2025-03-03,1.635290451981785E7
NCOLO,2025-03-03,1.4508160432861328E7
WY,2025-03-03,1.6740422388416883E7
MT,2025-03-03,9699524.39439979
SASK,2025-03-03,6611901.348115565
TX,2025-03-04,2.234939543267463E7
NM,2025-03-04,1.7528182615337167E7
SCOLO,2025-03-04,1.6968501841881793E7
NCOLO,2025-03-04,1.710402966796875E7
WY,2025-03-04,1.3582194334635416E7
MT,2025-03-04,1.0523910244891826E7
SASK,2025-03-04,9429995.362884002
TX,2025-03-05,2.2950617435891543E7
NM,2025-03-05,2.140606674239309E7
SCOLO,2025-03-05,1.9834863108525813E7
NCOLO,2025-03-05,1.795897184765625E7
WY,2025-03-05,1.5359632025434028E7
MT,2025-03-05,1.3320505463040868E7
SASK,2025-03-05,1.3107582152740994E7
TX,2025-03-06,1.5765402150735293E7
NM,2025-03-06,1.5481891615131577E7
SCOLO,2025-03-06,1.5838490866847824E7
NCOLO,2025-03-06,1.64993745625E7
WY,2025-03-06,4312825.540277778
MT,2025-03-06,1.2908882139423078E7
SASK,2025-03-06,1.4173396765889829E7
TX,2025-03-07,2.302629474632353E7
NM,2025-03-07,2.1567275003289472E7
SCOLO,2025-03-07,1.833643220923913E7
NCOLO,2025-03-07,1.35362536875E7
WY,2025-03-07,1.438273937638889E7
MT,2025-03-07,1.6297895072115384E7
SASK,2025-03-07,1.4536358501059322E7
TX,2025-03-08,2.1831910628676467E7
NM,2025-03-08,1.4907980687499998E7
SCOLO,2025-03-08,1.6698800991847826E7
NCOLO,2025-03-08,2.00179236875E7
WY,2025-03-08,1.932313942083333E7
MT,2025-03-08,1.5886043072115384E7
SASK,2025-03-08,1.4641301348516949E7
TX,2025-03-09,2.32102221617647E7
NM,2025-03-09,2.2384594907894734E7
SCOLO,2025-03-09,2.079783431521739E7
NCOLO,2025-03-09,2.020953875E7
WY,2025-03-09,1.963921323888889E7
MT,2025-03-09,1.247004498076923E7
SASK,2025-03-09,1.4294284275423726E7
TX,2025-03-10,2.4419993908088233E7
NM,2025-03-10,2.3088298121710528E7
SCOLO,2025-03-10,2.1569925176630434E7
NCOLO,2025-03-10,2.00887274375E7
WY,2025-03-10,1.955077801527778E7
MT,2025-03-10,1.3464198014423076E7
SASK,2025-03-10,1.3385472759533897E7
TX,2025-03-11,2.4478835308823526E7
NM,2025-03-11,2.3295667249999996E7
SCOLO,2025-03-11,2.0885034989130434E7
NCOLO,2025-03-11,1.903415025E7
WY,2025-03-11,1.9035923450000003E7
MT,2025-03-11,1.2994955134615386E7
SASK,2025-03-11,1.1375051605932204E7
TX,2025-03-12,2.4079412919117644E7
NM,2025-03-12,2.2168501782894734E7
SCOLO,2025-03-12,2.0750556668478258E7
NCOLO,2025-03-12,1.9289868625E7
WY,2025-03-12,1.9873443380555555E7
MT,2025-03-12,1.2958234625E7
SASK,2025-03-12,1.4132029540254239E7
TX,2025-03-13,2.0550930922794115E7
NM,2025-03-13,2.0896948371710528E7
SCOLO,2025-03-13,2.174648577445652E7
NCOLO,2025-03-13,1.98501176875E7
WY,2025-03-13,1.8360991020833332E7
MT,2025-03-13,1.3956516456730772E7
SASK,2025-03-13,9098890.29766949
TX,2025-03-14,2.2403330669117644E7
NM,2025-03-14,2.3497237585526317E7
SCOLO,2025-03-14,1.7159801853260867E7
NCOLO,2025-03-14,1.1519148375E7
WY,2025-03-14,1.1184369397222223E7
MT,2025-03-14,1.410335764423077E7
SASK,2025-03-14,1.2555296408898305E7
TX,2025-03-15,2.03409915992647E7
NM,2025-03-15,2.0255192292763155E7
SCOLO,2025-03-15,1.9709292839673914E7
NCOLO,2025-03-15,1.55478871875E7
WY,2025-03-15,1.9011420165277775E7
MT,2025-03-15,1.7168243495192308E7
SASK,2025-03-15,1.68778231875E7
TX,2025-03-16,2.4675470551470585E7
NM,2025-03-16,2.3838863164473683E7
SCOLO,2025-03-16,2.2051749679347824E7
NCOLO,2025-03-16,2.1361198375E7
WY,2025-03-16,1.9495479486111112E7
MT,2025-03-16,1.1821082951923078E7
SASK,2025-03-16,1.3888149561440676E7
TX,2025-03-17,2.391494175735294E7
NM,2025-03-17,2.3222240927631576E7
SCOLO,2025-03-17,2.086805644021739E7
NCOLO,2025-03-17,2.0280436875E7
WY,2025-03-17,2.0215752119444445E7
MT,2025-03-17,1.6967656298076924E7
SASK,2025-03-17,1.4270725417372879E7
TX,2025-03-18,2.5230455731617644E7
NM,2025-03-18,2.3610815016447365E7
SCOLO,2025-03-18,2.060855404619565E7
NCOLO,2025-03-18,1.68107244375E7
WY,2025-03-18,9329385.54861111
MT,2025-03-18,1.4241448591346152E7
SASK,2025-03-18,1.2967145149364404E7
TX,2025-03-19,2.580680898529412E7
NM,2025-03-19,2.0377177434210528E7
SCOLO,2025-03-19,1.4111297967391305E7
NCOLO,2025-03-19,1.841379275E7
WY,2025-03-19,1.6998494483333334E7
MT,2025-03-19,1.8777576211538464E7
SASK,2025-03-19,1.7681544241525423E7
TX,2025-03-20,2.615051892761948E7
NM,2025-03-20,2.4606464720189143E7
SCOLO,2025-03-20,2.088792967442255E7
NCOLO,2025-03-20,1.791916945703125E7
WY,2025-03-20,1.9483169901475694E7
MT,2025-03-20,1.702839549549279E7
SASK,2025-03-20,1.6915785863810908E7
TX,2025-03-21,2.6005377764705878E7
NM,2025-03-21,2.4920838473684207E7
SCOLO,2025-03-21,2.2623281478260867E7
NCOLO,2025-03-21,2.1517322E7
WY,2025-03-21,1.9132595377777778E7
MT,2025-03-21,1.6927363269230768E7
SASK,2025-03-21,1.4465773694915252E7
TX,2025-03-22,2.6208529647058822E7
NM,2025-03-22,2.4705120105263155E7
SCOLO,2025-03-22,2.004777765217391E7
NCOLO,2025-03-22,2.1185764E7
WY,2025-03-22,1.85578864E7
MT,2025-03-22,1.2938402807692306E7
SASK,2025-03-22,1.3479232745762711E7
TX,2025-03-23,2.5579834647058822E7
NM,2025-03-23,2.3426082894736838E7
SCOLO,2025-03-23,2.2268658173913043E7
NCOLO,2025-03-23,2.1280424E7
WY,2025-03-23,1.9959862577777777E7
MT,2025-03-23,1.5290385038461538E7
SASK,2025-03-23,1.797904E7
TX,2025-03-24,2.5899292470588233E7
NM,2025-03-24,2.468668552631579E7
SCOLO,2025-03-24,2.2492522478260867E7
NCOLO,2025-03-24,2.1806312E7
WY,2025-03-24,1.2338575955555554E7
MT,2025-03-24,1.4450662153846154E7
SASK,2025-03-24,1.595124433898305E7
TX,2025-03-25,2.3964404588235293E7
NM,2025-03-25,2.4951959947368417E7
SCOLO,2025-03-25,2.2823891304347824E7
NCOLO,2025-03-25,1.9463096E7
WY,2025-03-25,1.9713563422222223E7
MT,2025-03-25,1.6144950192307694E7
SASK,2025-03-25,1.838368179661017E7
TX,2025-03-26,1.8874488999999996E7
NM,2025-03-26,2.364561389473684E7
SCOLO,2025-03-26,2.2959266652173914E7
NCOLO,2025-03-26,2.3150024E7
WY,2025-03-26,2.210070928888889E7
MT,2025-03-26,1.8778545730769232E7
SASK,2025-03-26,1.2181393525423728E7
TX,2025-03-27,1.7717734529411763E7
NM,2025-03-27,1.9029263263157893E7
SCOLO,2025-03-27,2.3094869391304344E7
NCOLO,2025-03-27,2.197462E7
WY,2025-03-27,2.1810615466666665E7
MT,2025-03-27,1.7494083846153844E7
SASK,2025-03-27,1.1984603016949153E7
TX,2025-03-28,2.454420382352941E7
NM,2025-03-28,2.4018967999999996E7
SCOLO,2025-03-28,2.4140722826086953E7
NCOLO,2025-03-28,1.6727156E7
WY,2025-03-28,1.993960404444444E7
MT,2025-03-28,1.0219164884615384E7
SASK,2025-03-28,8086943.491525423
TX,2025-03-29,2.492972782352941E7
NM,2025-03-29,1.9335227736842103E7
SCOLO,2025-03-29,1.995493152173913E7
NCOLO,2025-03-29,1.4902228E7
WY,2025-03-29,6800251.155555555
MT,2025-03-29,9328426.5
SASK,2025-03-29,1.2818223322033897E7
TX,2025-03-30,2.6420289411764704E7
NM,2025-03-30,2.5205735578947365E7
SCOLO,2025-03-30,1.878521552173913E7
NCOLO,2025-03-30,1.4941064E7
WY,2025-03-30,1.0796540311111111E7
MT,2025-03-30,1.33906485E7
SASK,2025-03-30,1.8241694440677967E7
TX,2025-03-31,2.700845888235294E7
NM,2025-03-31,2.577211052631579E7
SCOLO,2025-03-31,2.070456213043478E7
NCOLO,2025-03-31,1.5770852E7
WY,2025-03-31,1.715715768888889E7
MT,2025-03-31,1.3284400730769232E7
SASK,2025-03-31,1.326678888135593E7
TX,2025-04-01,2.7116054235294115E7
NM,2025-04-01,2.4014761631578945E7
SCOLO,2025-04-01,2.3965101695652172E7
NCOLO,2025-04-01,1.7430694E7
WY,2025-04-01,1.617028662222222E7
MT,2025-04-01,1.241154226923077E7
SASK,2025-04-01,8663501.389830507
TX,2025-04-02,2.4126709588235293E7
NM,2025-04-02,2.343218089473684E7
SCOLO,2025-04-02,2.3392624086956516E7
NCOLO,2025-04-02,2.086054E7
WY,2025-04-02,1.9001419733333334E7
MT,2025-04-02,1.4151314884615384E7
SASK,2025-04-02,1.2038117423728812E7
TX,2025-04-03,2.292426670588235E7
NM,2025-04-03,9705825.894736841
SCOLO,2025-04-03,1.6310136826086955E7
NCOLO,2025-04-03,1.5141758E7
WY,2025-04-03,2.2327199955555554E7
MT,2025-04-03,1.1662063615384616E7
SASK,2025-04-03,1.7622148305084743E7
TX,2025-04-04,1.982106188235294E7
NM,2025-04-04,1.1556749842105262E7
SCOLO,2025-04-04,1.3284545913043477E7
NCOLO,2025-04-04,1.4253294E7
WY,2025-04-04,1.6638031644444445E7
MT,2025-04-04,1.8343239269230768E7
SASK,2025-04-04,2.1208432406779658E7
TX,2025-04-05,1.5623321352941174E7
NM,2025-04-05,6644424.157894736
SCOLO,2025-04-05,1.821961913043478E7
NCOLO,2025-04-05,2.3302676E7
WY,2025-04-05,2.444703968888889E7
MT,2025-04-05,2.2479409923076924E7
SASK,2025-04-05,2.1487283389830507E7
TX,2025-04-06,2.2220266823529407E7
NM,2025-04-06,2.573143121052631E7
SCOLO,2025-04-06,2.5726206565217394E7
NCOLO,2025-04-06,2.5426832E7
WY,2025-04-06,2.4491026044444446E7
MT,2025-04-06,2.287945403846154E7
SASK,2025-04-06,2.186064379661017E7
TX,2025-04-07,2.6831192411764704E7
NM,2025-04-07,2.6488111315789472E7
SCOLO,2025-04-07,2.593503913043478E7
NCOLO,2025-04-07,2.5730244E7
WY,2025-04-07,2.4785819333333336E7
MT,2025-04-07,2.3034053423076924E7
SASK,2025-04-07,2.1993340813559324E7
TX,2025-04-08,2.8187550352941174E7
NM,2025-04-08,2.7260952789473683E7
SCOLO,2025-04-08,2.598020056521739E7
NCOLO,2025-04-08,2.072519E7
WY,2025-04-08,2.291871E7
MT,2025-04-08,2.265138796153846E7
SASK,2025-04-08,1.9754141423728816E7
TX,2025-04-09,2.8338332823529407E7
NM,2025-04-09,2.717714678947368E7
SCOLO,2025-04-09,2.546224065217391E7
NCOLO,2025-04-09,2.5043562E7
WY,2025-04-09,2.3916447555555556E7
MT,2025-04-09,2.2967115192307692E7
SASK,2025-04-09,1.9589554338983048E7
TX,2025-04-10,2.8328934470588233E7
NM,2025-04-10,2.716853168421052E7
SCOLO,2025-04-10,2.6007588478260867E7
NCOLO,2025-04-10,2.5799904E7
WY,2025-04-10,2.536595706666667E7
MT,2025-04-10,2.3653216384615388E7
SASK,2025-04-10,2.262875172881356E7
TX,2025-04-11,2.7116958176470585E7
NM,2025-04-11,2.6627203842105262E7
SCOLO,2025-04-11,2.6454655913043473E7
NCOLO,2025-04-11,2.6592526E7
WY,2025-04-11,2.546574417777778E7
MT,2025-04-11,1.8262413269230768E7
SASK,2025-04-11,1.902982694915254E7
TX,2025-04-12,2.8168494764705878E7
NM,2025-04-12,2.729036431578947E7
SCOLO,2025-04-12,2.6971509869565215E7
NCOLO,2025-04-12,2.5006474E7
WY,2025-04-12,2.12785308E7
MT,2025-04-12,1.3416078730769232E7
SASK,2025-04-12,2.0115579254237287E7
TX,2025-04-13,2.8686639999999996E7
NM,2025-04-13,2.8073874E7
SCOLO,2025-04-13,2.6453300478260867E7
NCOLO,2025-04-13,1.978505E7
WY,2025-04-13,2.132939146666667E7
MT,2025-04-13,1.112939576923077E7
SASK,2025-04-13,1.3759599322033899E7
TX,2025-04-14,2.6601431294117644E7
NM,2025-04-14,2.668321642105263E7
SCOLO,2025-04-14,2.5283395739130434E7
NCOLO,2025-04-14,2.5359746E7
WY,2025-04-14,2.4300670799999997E7
MT,2025-04-14,2.4345483153846156E7
SASK,2025-04-14,2.3848421559322033E7
TX,2025-04-15,2.6680742411764704E7
NM,2025-04-15,2.7036690526315786E7
SCOLO,2025-04-15,2.6405825608695652E7
NCOLO,2025-04-15,2.764729E7
WY,2025-04-15,2.687403151111111E7
MT,2025-04-15,2.4814619615384616E7
SASK,2025-04-15,2.3355920847457625E7
TX,2025-04-16,2.7335172352941174E7
NM,2025-04-16,2.697996310526316E7
SCOLO,2025-04-16,2.5419990826086957E7
NCOLO,2025-04-16,2.4873096E7
WY,2025-04-16,2.5000815866666667E7
MT,2025-04-16,1.9479802384615384E7
SASK,2025-04-16,1.9520203762711864E7
TX,2025-04-17,2.7369953352941178E7
NM,2025-04-17,2.7726748105263155E7
SCOLO,2025-04-17,2.746992160869565E7
NCOLO,2025-04-17,2.1278942E7
WY,2025-04-17,9882052.222222222
MT,2025-04-17,1.7808108692307692E7
SASK,2025-04-17,2.026243484745763E7
TX,2025-04-18,1.1100579823529411E7
NM,2025-04-18,2.0931457526315786E7
SCOLO,2025-04-18,2.3782653782608695E7
NCOLO,2025-04-18,1.4306408E7
WY,2025-04-18,1.8680671955555554E7
MT,2025-04-18,2.2933895423076924E7
SASK,2025-04-18,2.422268315254237E7
TX,2025-04-19,2.7828240941176467E7
NM,2025-04-19,2.4793716473684207E7
SCOLO,2025-04-19,1.5364542826086955E7
NCOLO,2025-04-19,2.083415E7
WY,2025-04-19,2.773465035555556E7
MT,2025-04-19,2.5113341230769232E7
SASK,2025-04-19,2.2096371864406776E7
TX,2025-04-20,2.9884077470588233E7
NM,2025-04-20,2.745655789473684E7
SCOLO,2025-04-20,2.6935544043478258E7
NCOLO,2025-04-20,2.5828916E7
WY,2025-04-20,2.507419368888889E7
MT,2025-04-20,1.8603277576923076E7
SASK,2025-04-20,1.7697793288135592E7
TX,2025-04-21,2.966926029411764E7
NM,2025-04-21,2.884557726315789E7
SCOLO,2025-04-21,2.838753373913043E7
NCOLO,2025-04-21,2.5970804E7
WY,2025-04-21,2.333790048888889E7
MT,2025-04-21,1.8062672346153844E7
SASK,2025-04-21,8928101.118644066
TX,2025-04-22,2.9040733882352937E7
NM,2025-04-22,2.672825342105263E7
SCOLO,2025-04-22,2.834499817391304E7
NCOLO,2025-04-22,2.5365098E7
WY,2025-04-22,2.619527657777778E7
MT,2025-04-22,2.280140907692308E7
SASK,2025-04-22,1.1095509186440676E7
TX,2025-04-23,2.6904677470588233E7
NM,2025-04-23,2.668912763157895E7
SCOLO,2025-04-23,2.370905004347826E7
NCOLO,2025-04-23,1.9654628E7
WY,2025-04-23,1.8850193644444443E7
MT,2025-04-23,2.3298795153846152E7
SASK,2025-04-23,2.410703922033898E7
TX,2025-04-24,2.8012448294117644E7
NM,2025-04-24,2.5371869421052627E7
SCOLO,2025-04-24,1.770368347826087E7
NCOLO,2025-04-24,1.2133542E7
WY,2025-04-24,7837327.51111111
MT,2025-04-24,2.060398396153846E7
SASK,2025-04-24,2.3404301627118643E7
TX,2025-04-25,2.7911397352941174E7
NM,2025-04-25,2.511393094736842E7
SCOLO,2025-04-25,7661587.217391305
NCOLO,2025-04-25,6083654.0
WY,2025-04-25,1.200080488888889E7
MT,2025-04-25,2.075674242307692E7
SASK,2025-04-25,2.5162941254237283E7
TX,2025-04-26,2.9182573999999996E7
NM,2025-04-26,2.0328663684210524E7
SCOLO,2025-04-26,9309492.217391305
NCOLO,2025-04-26,2.0591262E7
WY,2025-04-26,2.338913368888889E7
MT,2025-04-26,2.2227329692307692E7
SASK,2025-04-26,2.5930202508474577E7
TX,2025-04-27,2.8568285999999996E7
NM,2025-04-27,2.6520052947368417E7
SCOLO,2025-04-27,2.6553206695652172E7
NCOLO,2025-04-27,2.604422E7
WY,2025-04-27,2.6042273599999998E7
MT,2025-04-27,2.2379973846153848E7
SASK,2025-04-27,2.2135022847457625E7
TX,2025-04-28,2.7546634588235293E7
NM,2025-04-28,2.9176725473684207E7
SCOLO,2025-04-28,2.977342143478261E7
NCOLO,2025-04-28,2.1534744E7
WY,2025-04-28,8175005.511111112
MT,2025-04-28,2.1978803769230768E7
SASK,2025-04-28,2.540731583050847E7
TX,2025-04-29,2.7555990705882348E7
NM,2025-04-29,2.4809059894736838E7
SCOLO,2025-04-29,2.153381408695652E7
NCOLO,2025-04-29,2.7141396E7
WY,2025-04-29,2.6318374533333335E7
MT,2025-04-29,1.875107346153846E7
SASK,2025-04-29,1.6377518677966101E7
TX,2025-04-30,3.0225129117647056E7
NM,2025-04-30,2.5629965736842103E7
SCOLO,2025-04-30,2.6652814391304348E7
NCOLO,2025-04-30,2.0162652E7
WY,2025-04-30,1.4966307066666666E7
MT,2025-04-30,2.1760477346153844E7
SASK,2025-04-30,2.1992527457627118E7
TX,2025-05-01,3.05625234117647E7
NM,2025-05-01,2.8976309263157893E7
SCOLO,2025-05-01,1.6301258956521738E7
NCOLO,2025-05-01,2.3380092E7
WY,2025-05-01,2.59256152E7
MT,2025-05-01,2.3108961461538464E7
SASK,2025-05-01,2.2991163389830504E7
TX,2025-05-02,2.936930888235294E7
NM,2025-05-02,1.9776212999999996E7
SCOLO,2025-05-02,2.8292062391304344E7
NCOLO,2025-05-02,2.8075036E7
WY,2025-05-02,2.8476125066666666E7
MT,2025-05-02,2.7333367192307692E7
SASK,2025-05-02,2.687463908474576E7
TX,2025-05-03,2.440066888235294E7
NM,2025-05-03,2.9356068999999996E7
SCOLO,2025-05-03,2.9309759739130434E7
NCOLO,2025-05-03,2.862622E7
WY,2025-05-03,2.913373026666667E7
MT,2025-05-03,2.7914659576923072E7
SASK,2025-05-03,2.726241796610169E7
TX,2025-05-04,2.8609780764705878E7
NM,2025-05-04,2.337598378947368E7
SCOLO,2025-05-04,2.720449852173913E7
NCOLO,2025-05-04,2.7267026E7
WY,2025-05-04,2.5957465644444443E7
MT,2025-05-04,2.7691084230769236E7
SASK,2025-05-04,2.682071288135593E7
TX,2025-05-05,3.0420619882352937E7
NM,2025-05-05,1.5969002999999996E7
SCOLO,2025-05-05,1.608816756521739E7
NCOLO,2025-05-05,2.1309504E7
WY,2025-05-05,2.0040122933333334E7
MT,2025-05-05,8708412.692307692
SASK,2025-05-05,2.1106603423728812E7
TX,2025-05-06,3.016473647058823E7
NM,2025-05-06,2.4336655842105262E7
SCOLO,2025-05-06,7557627.217391304
NCOLO,2025-05-06,1.275992E7
WY,2025-05-06,7831172.933333334
MT,2025-05-06,1.9397258538461536E7
SASK,2025-05-06,2.6894169830508474E7
TX,2025-05-07,3.001278835294117E7
NM,2025-05-07,2.4925428842105262E7
SCOLO,2025-05-07,1.4017005739130436E7
NCOLO,2025-05-07,1.6069652E7
WY,2025-05-07,2.4217596E7
MT,2025-05-07,2.7805448115384616E7
SASK,2025-05-07,2.755438033898305E7
TX,2025-05-08,1.4210980588235293E7
NM,2025-05-08,2.6411878210526314E7
SCOLO,2025-05-08,2.6106459913043473E7
NCOLO,2025-05-08,2.8100076E7
WY,2025-05-08,2.8325078133333333E7
MT,2025-05-08,2.5500117692307692E7
SASK,2025-05-08,2.6942030847457625E7
TX,2025-05-09,2.2972570411764707E7
NM,2025-05-09,2.6108964684210524E7
SCOLO,2025-05-09,2.8656899695652172E7
NCOLO,2025-05-09,2.8913026E7
WY,2025-05-09,2.8456140444444444E7
MT,2025-05-09,2.808826576923077E7
SASK,2025-05-09,2.5751284576271184E7
TX,2025-05-10,2.914279170588235E7
NM,2025-05-10,2.8670998052631576E7
SCOLO,2025-05-10,3.0037811521739125E7
NCOLO,2025-05-10,2.973023E7
WY,2025-05-10,2.93296712E7
MT,2025-05-10,2.6843092692307692E7
SASK,2025-05-10,2.4409636508474573E7
TX,2025-05-11,3.071293176470588E7
NM,2025-05-11,3.0172509789473686E7
SCOLO,2025-05-11,2.985436808695652E7
NCOLO,2025-05-11,2.8587552E7
WY,2025-05-11,2.6263521244444445E7
MT,2025-05-11,1.6816298615384612E7
SASK,2025-05-11,2.235253911864407E7
TX,2025-05-12,2.974656070588235E7
NM,2025-05-12,2.8592777631578945E7
SCOLO,2025-05-12,2.9640950347826086E7
NCOLO,2025-05-12,2.8890146E7
WY,2025-05-12,2.9279618177777775E7
MT,2025-05-12,2.5477748000000004E7
SASK,2025-05-12,2.3539250576271184E7
TX,2025-05-13,2.7556059764705878E7
NM,2025-05-13,2.9507024473684207E7
SCOLO,2025-05-13,3.010430613043478E7
NCOLO,2025-05-13,2.7811642E7
WY,2025-05-13,2.908624097777778E7
MT,2025-05-13,2.2076915307692308E7
SASK,2025-05-13,1.490475989830508E7
TX,2025-05-14,2.9093162176470585E7
NM,2025-05-14,2.878538110526316E7
SCOLO,2025-05-14,3.05994692173913E7
NCOLO,2025-05-14,2.3124218E7
WY,2025-05-14,2.5556422577777773E7
MT,2025-05-14,1.0774698076923076E7
SASK,2025-05-14,2.1887785932203386E7
TX,2025-05-15,2.7514432294117644E7
NM,2025-05-15,2.8210522368421048E7
SCOLO,2025-05-15,3.0324342565217387E7
NCOLO,2025-05-15,2.7573954E7
WY,2025-05-15,2.4013867777777776E7
MT,2025-05-15,1.6964525615384616E7
SASK,2025-05-15,1.5416500745762711E7
TX,2025-05-16,2.899198258823529E7
NM,2025-05-16,3.121852515789473E7
SCOLO,2025-05-16,3.0552814434782606E7
NCOLO,2025-05-16,2.4886424E7
WY,2025-05-16,2.2147521244444445E7
MT,2025-05-16,1.3403117923076922E7
SASK,2025-05-16,1.0402507118644066E7
TX,2025-05-17,2.6359115647058822E7
NM,2025-05-17,2.505923021052631E7
SCOLO,2025-05-17,3.002933713043478E7
NCOLO,2025-05-17,2.3606892E7
WY,2025-05-17,2.8371619022222225E7
MT,2025-05-17,2.4736250538461536E7
SASK,2025-05-17,1.5614430644067796E7
TX,2025-05-18,2.9590544470588233E7
NM,2025-05-18,3.147804E7
SCOLO,2025-05-18,2.9677404347826082E7
NCOLO,2025-05-18,1.6781512E7
WY,2025-05-18,1.5453146133333333E7
MT,2025-05-18,1.2426957846153846E7
SASK,2025-05-18,1.0891766847457627E7
TX,2025-05-19,3.162270652941176E7
NM,2025-05-19,2.915037878947368E7
SCOLO,2025-05-19,2.773286617391304E7
NCOLO,2025-05-19,2.4199796E7
WY,2025-05-19,1.0012197777777778E7
MT,2025-05-19,4435249.5
SASK,2025-05-19,6033329.457627118
TX,2025-05-20,3.1779499941176463E7
NM,2025-05-20,3.0971921631578945E7
SCOLO,2025-05-20,2.5846238782608695E7
NCOLO,2025-05-20,2.8119384E7
WY,2025-05-20,2.6958152533333335E7
MT,2025-05-20,1.81802225E7
SASK,2025-05-20,7267278.610169491
TX,2025-05-21,3.1065195647058822E7
NM,2025-05-21,3.156639989473684E7
SCOLO,2025-05-21,3.0635143739130437E7
NCOLO,2025-05-21,2.8651268E7
WY,2025-05-21,2.8207206133333333E7
MT,2025-05-21,2.8223980923076924E7
SASK,2025-05-21,9707345.898305085
TX,2025-05-22,2.887519352941176E7
NM,2025-05-22,3.0465646526315786E7
SCOLO,2025-05-22,2.9581363304347824E7
NCOLO,2025-05-22,2.957958E7
WY,2025-05-22,2.9476167022222225E7
MT,2025-05-22,2.7407830461538464E7
SASK,2025-05-22,2.5576381288135592E7
TX,2025-05-23,2.8826779411764704E7
NM,2025-05-23,3.0250421789473683E7
SCOLO,2025-05-23,2.4406493565217387E7
NCOLO,2025-05-23,2.8615952E7
WY,2025-05-23,2.9086779555555552E7
MT,2025-05-23,1.0000995384615386E7
SASK,2025-05-23,2.1918727322033897E7
TX,2025-05-24,2.987234352941176E7
NM,2025-05-24,2.912615421052631E7
SCOLO,2025-05-24,9563755.04347826
NCOLO,2025-05-24,8832032.0
WY,2025-05-24,1.2929416444444444E7
MT,2025-05-24,2.2340927923076924E7
SASK,2025-05-24,1.8295164406779658E7
TX,2025-05-25,3.0835119999999996E7
NM,2025-05-25,2.8792874421052627E7
SCOLO,2025-05-25,6601587.652173912
NCOLO,2025-05-25,4160140.0
WY,2025-05-25,9579666.222222222
MT,2025-05-25,2.516738992307692E7
SASK,2025-05-25,2.483001769491525E7
TX,2025-05-26,3.2186749764705878E7
NM,2025-05-26,2.3880517684210524E7
SCOLO,2025-05-26,9940670.347826086
NCOLO,2025-05-26,1.8758344E7
WY,2025-05-26,1.8913941866666667E7
MT,2025-05-26,2.951091276923077E7
SASK,2025-05-26,2.942228E7
TX,2025-05-27,2.8714083058823526E7
NM,2025-05-27,2.4093963473684207E7
SCOLO,2025-05-27,2.0051522695652172E7
NCOLO,2025-05-27,2.3177208E7
WY,2025-05-27,2.4834018222222224E7
MT,2025-05-27,2.633272407692308E7
SASK,2025-05-27,2.652086101694915E7
TX,2025-05-28,2.8859577529411763E7
NM,2025-05-28,2.6222733684210524E7
SCOLO,2025-05-28,2.438542095652174E7
NCOLO,2025-05-28,1.5246928E7
WY,2025-05-28,1.688288373333333E7
MT,2025-05-28,2.3650893230769232E7
SASK,2025-05-28,2.782128542372881E7
TX,2025-05-29,2.792076076470588E7
NM,2025-05-29,2.4885734894736838E7
SCOLO,2025-05-29,1.4665492521739129E7
NCOLO,2025-05-29,2.2846856E7
WY,2025-05-29,3.0914926711111113E7
MT,2025-05-29,3.0353605653846152E7
SASK,2025-05-29,2.8966857796610165E7
TX,2025-05-30,2.2100744529411763E7
NM,2025-05-30,2.058245836842105E7
SCOLO,2025-05-30,2.8980244739130434E7
NCOLO,2025-05-30,2.7994008E7
WY,2025-05-30,3.0261885333333336E7
MT,2025-05-30,2.9556082500000004E7
SASK,2025-05-30,2.8403652983050846E7
TX,2025-05-31,2.318030723529412E7
NM,2025-05-31,2.9005334684210524E7
SCOLO,2025-05-31,2.9429178173913043E7
NCOLO,2025-05-31,2.781411E7
WY,2025-05-31,3.0993932355555557E7
MT,2025-05-31,3.0307527653846152E7
SASK,2025-05-31,2.9719610440677967E7
TX,2025-06-01,2.8282489470588233E7
NM,2025-06-01,2.9216294052631576E7
SCOLO,2025-06-01,2.9931529304347824E7
NCOLO,2025-06-01,2.8273084E7
WY,2025-06-01,3.0319783511111114E7
MT,2025-06-01,2.7507208884615388E7
SASK,2025-06-01,2.9333484067796607E7
TX,2025-06-02,2.7189324058823526E7
NM,2025-06-02,2.5652959999999996E7
SCOLO,2025-06-02,2.444897343478261E7
NCOLO,2025-06-02,2.5541356E7
WY,2025-06-02,2.4180844133333333E7
MT,2025-06-02,1.1885339192307692E7
SASK,2025-06-02,2.5447854474576272E7
TX,2025-06-03,3.0553438941176467E7
NM,2025-06-03,2.275659757894737E7
SCOLO,2025-06-03,1.3797915826086955E7
NCOLO,2025-06-03,1.0114524E7
WY,2025-06-03,2.2567200355555557E7
MT,2025-06-03,2.7927446E7
SASK,2025-06-03,2.773286989830509E7
TX,2025-06-04,2.413669670588235E7
NM,2025-06-04,2.3595519789473683E7
SCOLO,2025-06-04,1.529134756521739E7
NCOLO,2025-06-04,2.1342792E7
WY,2025-06-04,2.3002737866666667E7
MT,2025-06-04,2.904974646153846E7
SASK,2025-06-04,2.693804922033898E7
TX,2025-06-05,2.7605908470588233E7
NM,2025-06-05,1.6672293789473683E7
SCOLO,2025-06-05,1.8276098956521735E7
NCOLO,2025-06-05,2.3423628E7
WY,2025-06-05,1.3418193600000001E7
MT,2025-06-05,2.8595833538461536E7
SASK,2025-06-05,2.9105191457627118E7
TX,2025-06-06,2.8941259411764704E7
NM,2025-06-06,2.7517755263157893E7
SCOLO,2025-06-06,2.186789695652174E7
NCOLO,2025-06-06,1.5453656E7
WY,2025-06-06,2.3426798666666668E7
MT,2025-06-06,3.0508714384615388E7
SASK,2025-06-06,2.4387053288135592E7
TX,2025-06-07,2.9818245647058822E7
NM,2025-06-07,3.0061333684210528E7
SCOLO,2025-06-07,2.9730083217391305E7
NCOLO,2025-06-07,3.003612E7
WY,2025-06-07,2.751692453333333E7
MT,2025-06-07,1.7717731769230768E7
SASK,2025-06-07,2.565882501694915E7
TX,2025-06-08,2.8719134117647056E7
NM,2025-06-08,2.9646671894736845E7
SCOLO,2025-06-08,3.0118063043478258E7
NCOLO,2025-06-08,1.9731596E7
WY,2025-06-08,2.624070968888889E7
MT,2025-06-08,3.1025008E7
SASK,2025-06-08,3.089637308474576E7
TX,2025-06-09,2.8548791176470585E7
NM,2025-06-09,2.0133369789473683E7
SCOLO,2025-06-09,2.995794165217391E7
NCOLO,2025-06-09,3.1019212E7
WY,2025-06-09,3.212205751111111E7
MT,2025-06-09,3.1224328307692304E7
SASK,2025-06-09,3.057193701694915E7
TX,2025-06-10,2.6028329411764704E7
NM,2025-06-10,1.9931001578947365E7
SCOLO,2025-06-10,2.891727808695652E7
NCOLO,2025-06-10,2.8560128E7
WY,2025-06-10,3.1407160266666666E7
MT,2025-06-10,3.1107201846153844E7
SASK,2025-06-10,3.0719018508474577E7
TX,2025-06-11,2.9663325529411763E7
NM,2025-06-11,2.8209325684210524E7
SCOLO,2025-06-11,3.039608095652174E7
NCOLO,2025-06-11,2.5389008E7
WY,2025-06-11,2.973710497777778E7
MT,2025-06-11,2.5295321384615384E7
SASK,2025-06-11,2.719912176271186E7
TX,2025-06-12,2.8389031176470585E7
NM,2025-06-12,2.9484646315789472E7
SCOLO,2025-06-12,2.9730469999999996E7
NCOLO,2025-06-12,2.709194E7
WY,2025-06-12,2.967010826666667E7
MT,2025-06-12,6654502.999999999
SASK,2025-06-12,2.4885725898305085E7
TX,2025-06-13,2.7886085529411763E7
NM,2025-06-13,2.955853157894736E7
SCOLO,2025-06-13,2.8961198260869566E7
NCOLO,2025-06-13,2.8162484E7
WY,2025-06-13,2.751466035555556E7
MT,2025-06-13,2.2580696230769232E7
SASK,2025-06-13,1.2181051254237287E7
TX,2025-06-14,2.7781782941176467E7
NM,2025-06-14,2.9423972736842103E7
SCOLO,2025-06-14,2.9848012260869563E7
NCOLO,2025-06-14,2.8798264E7
WY,2025-06-14,2.838739902222222E7
MT,2025-06-14,2.4840788230769232E7
SASK,2025-06-14,2.5537725830508474E7
TX,2025-06-15,2.8258285294117644E7
NM,2025-06-15,2.8637827263157893E7
SCOLO,2025-06-15,2.317529660869565E7
NCOLO,2025-06-15,2.8858016E7
WY,2025-06-15,2.9121394133333333E7
MT,2025-06-15,2.4516084461538464E7
SASK,2025-06-15,2.647621640677966E7
TX,2025-06-16,2.8628940470588233E7
NM,2025-06-16,2.939246263157895E7
SCOLO,2025-06-16,3.0035496434782606E7
NCOLO,2025-06-16,2.8004496E7
WY,2025-06-16,2.7235955022222225E7
MT,2025-06-16,2.5795342923076924E7
SASK,2025-06-16,2.3876217355932202E7
TX,2025-06-17,2.9269165176470585E7
NM,2025-06-17,3.0647402947368417E7
SCOLO,2025-06-17,1.9015031391304348E7
NCOLO,2025-06-17,2.0456464E7
WY,2025-06-17,1.7199558044444446E7
MT,2025-06-17,2.8621309384615388E7
SASK,2025-06-17,2.8630741288135592E7
TX,2025-06-18,2.87234674117647E7
NM,2025-06-18,3.0061716421052624E7
SCOLO,2025-06-18,2.966914843478261E7
NCOLO,2025-06-18,2.9551548E7
WY,2025-06-18,2.940830533333333E7
MT,2025-06-18,3.0690268230769232E7
SASK,2025-06-18,2.666949315254237E7
TX,2025-06-19,2.778148117647059E7
NM,2025-06-19,2.6366480631578945E7
SCOLO,2025-06-19,3.0370178782608695E7
NCOLO,2025-06-19,3.052022E7
WY,2025-06-19,3.0831290311111107E7
MT,2025-06-19,3.0953716769230768E7
SASK,2025-06-19,3.0581089288135592E7
TX,2025-06-20,2.9649507176470585E7
NM,2025-06-20,2.9403885473684207E7
SCOLO,2025-06-20,2.9825308869565215E7
NCOLO,2025-06-20,3.1050932E7
WY,2025-06-20,3.2254950933333334E7
MT,2025-06-20,1.9139451153846152E7
SASK,2025-06-20,1.6745677627118645E7
TX,2025-06-21,2.7753705294117644E7
NM,2025-06-21,2.849980263157895E7
SCOLO,2025-06-21,3.0387716173913043E7
NCOLO,2025-06-21,3.2589576E7
WY,2025-06-21,3.18293E7
MT,2025-06-21,2.4856400307692308E7
SASK,2025-06-21,1.0838082644067796E7
TX,2025-06-22,2.6009443764705878E7
NM,2025-06-22,2.828784178947368E7
SCOLO,2025-06-22,3.0193448869565215E7
NCOLO,2025-06-22,2.956952E7
WY,2025-06-22,2.288552275555556E7
MT,2025-06-22,1.5112279461538462E7
SASK,2025-06-22,6189244.677966102
TX,2025-06-23,1.6598642588235294E7
NM,2025-06-23,2.2307453684210524E7
SCOLO,2025-06-23,1.9525017913043477E7
NCOLO,2025-06-23,1.7493584E7
WY,2025-06-23,2.07411264E7
MT,2025-06-23,2.606979561538462E7
SASK,2025-06-23,2.2798940677966103E7
TX,2025-06-24,2.426865247058823E7
NM,2025-06-24,2.0715637157894734E7
SCOLO,2025-06-24,2.205516086956522E7
NCOLO,2025-06-24,1.8417176E7
WY,2025-06-24,1.9119607911111113E7
MT,2025-06-24,3.040809576923077E7
SASK,2025-06-24,2.9340887389830507E7
TX,2025-06-25,2.5233218705882348E7
NM,2025-06-25,1.4963997789473683E7
SCOLO,2025-06-25,2.0644869304347824E7
NCOLO,2025-06-25,2.2642924E7
WY,2025-06-25,2.2076373866666667E7
MT,2025-06-25,2.9660071769230768E7
SASK,2025-06-25,2.693650006779661E7
TX,2025-06-26,2.1362207411764704E7
NM,2025-06-26,2.193478905263158E7
SCOLO,2025-06-26,2.9365444347826082E7
NCOLO,2025-06-26,2.92426E7
WY,2025-06-26,2.9159568888888888E7
MT,2025-06-26,2.8930987E7
SASK,2025-06-26,2.4748324677966103E7
TX,2025-06-27,2.3967938470588233E7
NM,2025-06-27,2.546472136842105E7
SCOLO,2025-06-27,2.8254350695652172E7
NCOLO,2025-06-27,3.03232E7
WY,2025-06-27,2.95754528E7
MT,2025-06-27,2.5906787230769232E7
SASK,2025-06-27,2.6835782915254235E7
TX,2025-06-28,2.464935270588235E7
NM,2025-06-28,2.7523903263157893E7
SCOLO,2025-06-28,2.8866565478260867E7
NCOLO,2025-06-28,2.949752E7
WY,2025-06-28,3.0174881777777776E7
MT,2025-06-28,2.6310286692307696E7
SASK,2025-06-28,2.6291517288135592E7
TX,2025-06-29,2.3080032352941178E7
NM,2025-06-29,2.881833063157895E7
SCOLO,2025-06-29,2.8655166956521735E7
NCOLO,2025-06-29,2.7602928E7
WY,2025-06-29,2.0290416444444444E7
MT,2025-06-29,2.8374304230769232E7
SASK,2025-06-29,2.3709029491525423E7
TX,2025-06-30,1.883356423529412E7
NM,2025-06-30,1.7721593157894734E7
SCOLO,2025-06-30,2.5639725652173914E7
NCOLO,2025-06-30,2.3116992E7
WY,2025-06-30,2.9728381866666663E7
MT,2025-06-30,3.0766528846153844E7
SASK,2025-06-30,2.8953950508474577E7
TX,2025-07-01,1.0293686117647057E7
NM,2025-07-01,1.4667706736842103E7
SCOLO,2025-07-01,2.8717553130434778E7
NCOLO,2025-07-01,2.8960488E7
WY,2025-07-01,3.05580552E7
MT,2025-07-01,3.0465496153846156E7
SASK,2025-07-01,2.972577322033898E7
TX,2025-07-02,1.4156474470588235E7
NM,2025-07-02,1.2532374315789472E7
SCOLO,2025-07-02,3.0188023391304344E7
NCOLO,2025-07-02,2.7451268E7
WY,2025-07-02,2.7442731555555556E7
MT,2025-07-02,2.9497837846153848E7
SASK,2025-07-02,2.9784095796610165E7
TX,2025-07-03,1.8045275411764704E7
NM,2025-07-03,1.4967104736842103E7
SCOLO,2025-07-03,2.536939930434782E7
NCOLO,2025-07-03,3.0444528E7
WY,2025-07-03,2.88813872E7
MT,2025-07-03,2.3309069538461536E7
SASK,2025-07-03,2.790747091525424E7
TX,2025-07-04,2.8202617411764704E7
NM,2025-07-04,2.8069069684210524E7
SCOLO,2025-07-04,2.5428942782608695E7
NCOLO,2025-07-04,2.1658192E7
WY,2025-07-04,2.166213128888889E7
MT,2025-07-04,2.7958358384615384E7
SASK,2025-07-04,2.9151624067796607E7
TX,2025-07-05,2.7909203999999996E7
NM,2025-07-05,2.9252623263157893E7
SCOLO,2025-07-05,2.8692501304347824E7
NCOLO,2025-07-05,2.661488E7
WY,2025-07-05,2.953225528888889E7
MT,2025-07-05,2.3024733153846156E7
SASK,2025-07-05,1.9282864067796607E7
TX,2025-07-06,2.608501976470588E7
NM,2025-07-06,2.6691101789473683E7
SCOLO,2025-07-06,2.920860513043478E7
NCOLO,2025-07-06,2.6114468E7
WY,2025-07-06,3.0541844533333335E7
MT,2025-07-06,2.1484195307692308E7
SASK,2025-07-06,1.5670342644067796E7
TX,2025-07-07,2.635463976470588E7
NM,2025-07-07,2.8507471789473686E7
SCOLO,2025-07-07,2.9149900608695652E7
NCOLO,2025-07-07,2.936458E7
WY,2025-07-07,2.8762501422222227E7
MT,2025-07-07,2.681253746153846E7
SASK,2025-07-07,1.7562735389830507E7
TX,2025-07-08,2.7428237294117644E7
NM,2025-07-08,2.7693984842105262E7
SCOLO,2025-07-08,2.9643066347826082E7
NCOLO,2025-07-08,2.930596E7
WY,2025-07-08,3.050043697777778E7
MT,2025-07-08,2.9294600923076924E7
SASK,2025-07-08,2.891887288135593E7
TX,2025-07-09,2.812182764705882E7
NM,2025-07-09,2.8317799052631576E7
SCOLO,2025-07-09,3.0429044260869566E7
NCOLO,2025-07-09,2.8759484E7
WY,2025-07-09,3.0612711644444447E7
MT,2025-07-09,2.7077037846153848E7
SASK,2025-07-09,2.9681404779661015E7
TX,2025-07-10,3.0274324294117644E7
NM,2025-07-10,3.0021010684210524E7
SCOLO,2025-07-10,2.5785493130434778E7
NCOLO,2025-07-10,2.5572948E7
WY,2025-07-10,2.6309523733333334E7
MT,2025-07-10,2.7589086499999996E7
SASK,2025-07-10,1.8343352305084746E7
TX,2025-07-11,2.9397873352941174E7
NM,2025-07-11,2.860446668421052E7
SCOLO,2025-07-11,2.7897214173913043E7
NCOLO,2025-07-11,2.6106976E7
WY,2025-07-11,2.365410897777778E7
MT,2025-07-11,2.890821626923077E7
SASK,2025-07-11,2.225064359322034E7
TX,2025-07-12,2.5877195411764704E7
NM,2025-07-12,2.4708162631578945E7
SCOLO,2025-07-12,2.143337513043478E7
NCOLO,2025-07-12,1.8249756E7
WY,2025-07-12,2.9116804888888888E7
MT,2025-07-12,2.9382241538461536E7
SASK,2025-07-12,2.3853703118644066E7
TX,2025-07-13,2.683303305882353E7
NM,2025-07-13,2.669836147368421E7
SCOLO,2025-07-13,2.7864025913043473E7
NCOLO,2025-07-13,2.760712E7
WY,2025-07-13,3.0788271822222225E7
MT,2025-07-13,2.6752421461538464E7
SASK,2025-07-13,2.3215631525423728E7
TX,2025-07-14,2.6054346529411763E7
NM,2025-07-14,2.53967797368421E7
SCOLO,2025-07-14,2.7840486304347824E7
NCOLO,2025-07-14,2.6177202E7
WY,2025-07-14,2.796793431111111E7
MT,2025-07-14,2.7338708115384616E7
SASK,2025-07-14,8733639.966101695
TX,2025-07-15,2.6121065235294115E7
NM,2025-07-15,2.8020686473684207E7
SCOLO,2025-07-15,2.7256493913043477E7
NCOLO,2025-07-15,2.580438E7
WY,2025-07-15,2.756782897777778E7
MT,2025-07-15,8434675.884615384
SASK,2025-07-15,1.7511168372881353E7
TX,2025-07-16,2.6651693647058822E7
NM,2025-07-16,2.825490584210526E7
SCOLO,2025-07-16,2.4925810304347824E7
NCOLO,2025-07-16,2.1700088E7
WY,2025-07-16,1.24135812E7
MT,2025-07-16,1.6402821923076922E7
SASK,2025-07-16,1.796560013559322E7
TX,2025-07-17,2.4298742411764704E7
NM,2025-07-17,2.648107310526316E7
SCOLO,2025-07-17,1.0457434217391305E7
NCOLO,2025-07-17,2.3421188E7
WY,2025-07-17,2.35337396E7
MT,2025-07-17,2.032422046153846E7
SASK,2025-07-17,2.007941515254237E7
TX,2025-07-18,2.513899870588235E7
NM,2025-07-18,2.6868384947368417E7
SCOLO,2025-07-18,2.7031628565217387E7
NCOLO,2025-07-18,2.5485172E7
WY,2025-07-18,2.921098137777778E7
MT,2025-07-18,2.5528926500000004E7
SASK,2025-07-18,2.328571098305085E7
TX,2025-07-19,2.872477270588235E7
NM,2025-07-19,2.8236706105263155E7
SCOLO,2025-07-19,2.8165961478260867E7
NCOLO,2025-07-19,2.702824E7
WY,2025-07-19,2.8478095155555554E7
MT,2025-07-19,2.5309177500000004E7
SASK,2025-07-19,1.3337180711864404E7
TX,2025-07-20,2.706288917647059E7
NM,2025-07-20,2.8209699999999996E7
SCOLO,2025-07-20,2.6021382999999996E7
NCOLO,2025-07-20,2.8410214E7
WY,2025-07-20,3.0049140488888886E7
MT,2025-07-20,2.4512715115384616E7
SASK,2025-07-20,1.8771879966101695E7
TX,2025-07-21,2.5445722352941178E7
NM,2025-07-21,2.767381552631579E7
SCOLO,2025-07-21,2.660268543478261E7
NCOLO,2025-07-21,2.7320386E7
WY,2025-07-21,2.8537912622222222E7
MT,2025-07-21,1.7755940692307692E7
SASK,2025-07-21,1.5634707050847458E7
TX,2025-07-22,2.4756008470588233E7
NM,2025-07-22,2.4623332210526317E7
SCOLO,2025-07-22,2.5337675826086957E7
NCOLO,2025-07-22,2.6363696E7
WY,2025-07-22,2.7957653555555552E7
MT,2025-07-22,1.3905139384615382E7
SASK,2025-07-22,5694642.237288135
TX,2025-07-23,2.6871608764705878E7
NM,2025-07-23,2.419509889473684E7
SCOLO,2025-07-23,2.606287878260869E7
NCOLO,2025-07-23,2.2554012E7
WY,2025-07-23,2.089227782222222E7
MT,2025-07-23,2.028258457692308E7
SASK,2025-07-23,4782421.830508475
TX,2025-07-24,2.752959664705882E7
NM,2025-07-24,2.4824322947368417E7
SCOLO,2025-07-24,2.2484384826086953E7
NCOLO,2025-07-24,2.5036082E7
WY,2025-07-24,2.8092718977777775E7
MT,2025-07-24,2.737762503846154E7
SASK,2025-07-24,2.493012677966101E7
TX,2025-07-25,2.614200252941176E7
NM,2025-07-25,2.719162726315789E7
SCOLO,2025-07-25,2.6415650260869563E7
NCOLO,2025-07-25,2.713766E7
WY,2025-07-25,2.9061787155555554E7
MT,2025-07-25,2.8170507615384612E7
SASK,2025-07-25,2.774072183050847E7
TX,2025-07-26,2.3785477647058822E7
NM,2025-07-26,2.7087145157894734E7
SCOLO,2025-07-26,2.916069652173913E7
NCOLO,2025-07-26,2.6617862E7
WY,2025-07-26,2.872864355555556E7
MT,2025-07-26,2.758794226923077E7
SASK,2025-07-26,2.4929870237288136E7
TX,2025-07-27,2.4549411588235293E7
NM,2025-07-27,2.726568278947368E7
SCOLO,2025-07-27,2.9081703608695652E7
NCOLO,2025-07-27,2.871606E7
WY,2025-07-27,2.8813282888888888E7
MT,2025-07-27,2.379985076923077E7
SASK,2025-07-27,1.709792294915254E7
TX,2025-07-28,2.6607166529411763E7
NM,2025-07-28,2.500376878947368E7
SCOLO,2025-07-28,2.635501665217391E7
NCOLO,2025-07-28,2.6808372E7
WY,2025-07-28,2.8569351333333336E7
MT,2025-07-28,2.4206667E7
SASK,2025-07-28,2.0622884033898305E7
TX,2025-07-29,2.6333373470588233E7
NM,2025-07-29,2.4886911052631576E7
SCOLO,2025-07-29,2.6118773478260867E7
NCOLO,2025-07-29,1.8200284E7
WY,2025-07-29,1.2525053644444443E7
MT,2025-07-29,2.0447751576923076E7
SASK,2025-07-29,1.8103576033898305E7
TX,2025-07-30,2.9483346117647056E7
NM,2025-07-30,2.542305410526316E7
SCOLO,2025-07-30,2.246907165217391E7
NCOLO,2025-07-30,1.9161596E7
WY,2025-07-30,1.6958664088888887E7
MT,2025-07-30,1.9517751576923076E7
SASK,2025-07-30,2.7965969491525427E7
TX,2025-07-31,2.9490352999999996E7
NM,2025-07-31,1.987742257894737E7
SCOLO,2025-07-31,2.5812752173913043E7
NCOLO,2025-07-31,2.441567E7
WY,2025-07-31,1.9893098266666666E7
MT,2025-07-31,2.2719626846153848E7
SASK,2025-07-31,2.7426703355932202E7
TX,2025-08-01,2.227315823529411E7
NM,2025-08-01,2.3721710736842103E7
SCOLO,2025-08-01,2.4080939173913043E7
NCOLO,2025-08-01,2.4141738E7
WY,2025-08-01,2.7060842799999997E7
MT,2025-08-01,2.425015392307692E7
SASK,2025-08-01,2.4918859152542375E7
TX,2025-08-02,2.6614050058823526E7
NM,2025-08-02,2.6151382736842103E7
SCOLO,2025-08-02,2.6220195434782606E7
NCOLO,2025-08-02,2.3196088E7
WY,2025-08-02,2.6756365377777778E7
MT,2025-08-02,2.5563298307692304E7
SASK,2025-08-02,1.686893613559322E7
TX,2025-08-03,2.725116758823529E7
NM,2025-08-03,2.8025281315789472E7
SCOLO,2025-08-03,2.756343143478261E7
NCOLO,2025-08-03,2.6199716E7
WY,2025-08-03,2.6860231911111113E7
MT,2025-08-03,2.351260576923077E7
SASK,2025-08-03,1.3463042237288134E7
TX,2025-08-04,2.645380723529411E7
NM,2025-08-04,2.6997549526315786E7
SCOLO,2025-08-04,2.6070250391304348E7
NCOLO,2025-08-04,2.770535E7
WY,2025-08-04,2.7859152222222228E7
MT,2025-08-04,2.3475675692307692E7
SASK,2025-08-04,2.4471598237288136E7
TX,2025-08-05,2.6976378647058822E7
NM,2025-08-05,2.8103332157894734E7
SCOLO,2025-08-05,2.8423032434782606E7
NCOLO,2025-08-05,2.897655E7
WY,2025-08-05,2.7881947288888887E7
MT,2025-08-05,2.2553950653846156E7
SASK,2025-08-05,1.1472446305084744E7
TX,2025-08-06,2.8975852411764704E7
NM,2025-08-06,2.839693905263158E7
SCOLO,2025-08-06,2.8280157913043477E7
NCOLO,2025-08-06,2.6506914E7
WY,2025-08-06,2.7328846977777775E7
MT,2025-08-06,2.618279042307692E7
SASK,2025-08-06,2.279104389830508E7
TX,2025-08-07,2.9520934117647056E7
NM,2025-08-07,2.835224084210526E7
SCOLO,2025-08-07,2.7884119E7
NCOLO,2025-08-07,2.5915476E7
WY,2025-08-07,2.6344359955555554E7
MT,2025-08-07,2.2712499192307696E7
SASK,2025-08-07,2.1015595254237287E7
TX,2025-08-08,2.9187780235294115E7
NM,2025-08-08,2.7900662210526314E7
SCOLO,2025-08-08,2.6058417434782606E7
NCOLO,2025-08-08,2.3288886E7
WY,2025-08-08,2.3192480133333333E7
MT,2025-08-08,1.7646126653846156E7
SASK,2025-08-08,1.3129301932203392E7
TX,2025-08-09,2.8047570588235293E7
NM,2025-08-09,2.669850342105263E7
SCOLO,2025-08-09,2.4890318E7
NCOLO,2025-08-09,2.4409022E7
WY,2025-08-09,2.4205999377777778E7
MT,2025-08-09,1.3432777807692308E7
SASK,2025-08-09,8962614.711864406
TX,2025-08-10,2.793344611764706E7
NM,2025-08-10,2.5561894999999996E7
SCOLO,2025-08-10,2.1588953478260867E7
NCOLO,2025-08-10,2.0649452E7
WY,2025-08-10,2.6320327466666665E7
MT,2025-08-10,2.3671421000000004E7
SASK,2025-08-10,1.3046652847457627E7
TX,2025-08-11,2.3752259294117644E7
NM,2025-08-11,2.4364051842105262E7
SCOLO,2025-08-11,2.0819465695652172E7
NCOLO,2025-08-11,2.3671954E7
WY,2025-08-11,2.4208519066666663E7
MT,2025-08-11,2.3077872769230768E7
SASK,2025-08-11,2.0747565457627118E7
TX,2025-08-12,2.447548076470588E7
NM,2025-08-12,2.596494468421052E7
SCOLO,2025-08-12,2.6076018565217387E7
NCOLO,2025-08-12,2.5767982E7
WY,2025-08-12,2.3308538933333334E7
MT,2025-08-12,2.393039123076923E7
SASK,2025-08-12,2.4163786779661015E7
TX,2025-08-13,2.3031249470588233E7
NM,2025-08-13,2.4372080578947365E7
SCOLO,2025-08-13,2.7415490304347824E7
NCOLO,2025-08-13,2.5448194E7
WY,2025-08-13,2.6262420088888887E7
MT,2025-08-13,2.540140146153846E7
SASK,2025-08-13,2.434834708474576E7
TX,2025-08-14,2.535803364705882E7
NM,2025-08-14,2.6356067157894734E7
SCOLO,2025-08-14,2.645755065217391E7
NCOLO,2025-08-14,2.3827832E7
WY,2025-08-14,2.5406725955555554E7
MT,2025-08-14,2.4826621115384612E7
SASK,2025-08-14,1.8009508169491522E7
TX,2025-08-15,2.145637935294117E7
NM,2025-08-15,2.1924184052631576E7
SCOLO,2025-08-15,2.6348827913043477E7
NCOLO,2025-08-15,2.3297958E7
WY,2025-08-15,2.377320871111111E7
MT,2025-08-15,2.3884686192307696E7
SASK,2025-08-15,1.4759405762711864E7
TX,2025-08-16,1.8848143705882348E7
NM,2025-08-16,2.0932911684210524E7
SCOLO,2025-08-16,2.0432481391304344E7
NCOLO,2025-08-16,2.1186774E7
WY,2025-08-16,2.2462104133333333E7
MT,2025-08-16,2.3518212115384616E7
SASK,2025-08-16,2.2186884237288136E7
TX,2025-08-17,2.2737440117647056E7
NM,2025-08-17,2.364401147368421E7
SCOLO,2025-08-17,2.565675360869565E7
NCOLO,2025-08-17,2.342435E7
WY,2025-08-17,2.444936342222222E7
MT,2025-08-17,2.4380034846153844E7
SASK,2025-08-17,2.3161125389830504E7
TX,2025-08-18,2.3421376294117644E7
NM,2025-08-18,2.4364298789473683E7
SCOLO,2025-08-18,2.404527165217391E7
NCOLO,2025-08-18,2.496279E7
WY,2025-08-18,2.559275991111111E7
MT,2025-08-18,2.452453103846154E7
SASK,2025-08-18,2.0664598474576272E7
TX,2025-08-19,2.1343425941176467E7
NM,2025-08-19,2.2657995210526314E7
SCOLO,2025-08-19,2.5945226391304344E7
NCOLO,2025-08-19,2.5760506E7
WY,2025-08-19,2.5412362577777777E7
MT,2025-08-19,2.4457529000000004E7
SASK,2025-08-19,2.2654687084745757E7
TX,2025-08-20,2.5587843352941174E7
NM,2025-08-20,2.2975905842105262E7
SCOLO,2025-08-20,2.604238608695652E7
NCOLO,2025-08-20,2.54741E7
WY,2025-08-20,2.5683176577777777E7
MT,2025-08-20,2.3591590346153848E7
SASK,2025-08-20,2.135978294915254E7
TX,2025-08-21,2.3343867647058822E7
NM,2025-08-21,2.6461633578947365E7
SCOLO,2025-08-21,2.7044951260869563E7
NCOLO,2025-08-21,2.561411E7
WY,2025-08-21,2.3898678622222222E7
MT,2025-08-21,2.3584044230769232E7
SASK,2025-08-21,2.208266416949152E7
TX,2025-08-22,2.3546281999999996E7
NM,2025-08-22,2.6262873526315786E7
SCOLO,2025-08-22,2.6478785391304348E7
NCOLO,2025-08-22,1.8184486E7
WY,2025-08-22,1.5813415022222223E7
MT,2025-08-22,2.2165501576923076E7
SASK,2025-08-22,1.2674210576271186E7
TX,2025-08-23,2.7706358529411763E7
NM,2025-08-23,2.4712155736842103E7
SCOLO,2025-08-23,1.9181185043478258E7
NCOLO,2025-08-23,1.3569556E7
WY,2025-08-23,2.4114380266666666E7
MT,2025-08-23,2.414229153846154E7
SASK,2025-08-23,1.767398033898305E7
TX,2025-08-24,2.5882117352941174E7
NM,2025-08-24,2.5531681894736838E7
SCOLO,2025-08-24,2.2711008391304348E7
NCOLO,2025-08-24,1.9493842E7
WY,2025-08-24,1.704352017777778E7
MT,2025-08-24,2.3568574576923072E7
SASK,2025-08-24,2.3006878949152544E7
TX,2025-08-25,2.3382253823529407E7
NM,2025-08-25,2.236008015789473E7
SCOLO,2025-08-25,1.2106543086956521E7
NCOLO,2025-08-25,1.0616398E7
WY,2025-08-25,2.266995248888889E7
MT,2025-08-25,2.4150644307692308E7
SASK,2025-08-25,2.3093039830508474E7
TX,2025-08-26,2.1910279058823526E7
NM,2025-08-26,1.888837147368421E7
SCOLO,2025-08-26,7686801.56521739
NCOLO,2025-08-26,1.6002978E7
WY,2025-08-26,2.4006883422222223E7
MT,2025-08-26,2.3787474769230764E7
SASK,2025-08-26,2.274688389830508E7
TX,2025-08-27,2.1787007176470585E7
NM,2025-08-27,2.4450198842105262E7
SCOLO,2025-08-27,2.0977603434782606E7
NCOLO,2025-08-27,1.619671E7
WY,2025-08-27,1.4111163066666666E7
MT,2025-08-27,2.2203100307692304E7
SASK,2025-08-27,2.2656689525423724E7
TX,2025-08-28,2.2060790529411763E7
NM,2025-08-28,2.312207052631579E7
SCOLO,2025-08-28,2.135626152173913E7
NCOLO,2025-08-28,1.9282464E7
WY,2025-08-28,1.6282901377777778E7
MT,2025-08-28,1.5464284538461538E7
SASK,2025-08-28,1.931978308474576E7
TX,2025-08-29,2.2862976647058822E7
NM,2025-08-29,2.2853309736842103E7
SCOLO,2025-08-29,1.4814017086956521E7
NCOLO,2025-08-29,1.8591118E7
WY,2025-08-29,2.043388417777778E7
MT,2025-08-29,1.3355407230769232E7
SASK,2025-08-29,1.199060061016949E7
TX,2025-08-30,2.287225547058823E7
NM,2025-08-30,2.2362237368421048E7
SCOLO,2025-08-30,2.0309116739130434E7
NCOLO,2025-08-30,2.0141058E7
WY,2025-08-30,2.2075597111111112E7
MT,2025-08-30,1.470992176923077E7
SASK,2025-08-30,1.3531169084745761E7
TX,2025-08-31,1.8535500352941174E7
NM,2025-08-31,2.057076436842105E7
SCOLO,2025-08-31,2.2637811652173914E7
NCOLO,2025-08-31,2.3367768E7
WY,2025-08-31,2.4282681644444447E7
MT,2025-08-31,2.1869264384615388E7
SASK,2025-08-31,2.1056480237288132E7
TX,2025-09-01,1.5954294352941174E7
NM,2025-09-01,2.3107342263157897E7
SCOLO,2025-09-01,2.3299048913043477E7
NCOLO,2025-09-01,2.480678E7
WY,2025-09-01,2.4269174622222222E7
MT,2025-09-01,2.2340599115384616E7
SASK,2025-09-01,2.136223138983051E7
TX,2025-09-02,2.4696824470588233E7
NM,2025-09-02,2.4941491947368417E7
SCOLO,2025-09-02,2.47458172173913E7
NCOLO,2025-09-02,2.2910474E7
WY,2025-09-02,2.383440853333333E7
MT,2025-09-02,1.9742755307692308E7
SASK,2025-09-02,1.4050087423728814E7
TX,2025-09-03,2.5876568529411763E7
NM,2025-09-03,2.4791361052631576E7
SCOLO,2025-09-03,2.398790265217391E7
NCOLO,2025-09-03,2.3399704E7
WY,2025-09-03,2.3719932977777775E7
MT,2025-09-03,2.096703553846154E7
SASK,2025-09-03,1.7584312847457625E7
TX,2025-09-04,2.552450317647059E7
NM,2025-09-04,2.4051875789473683E7
SCOLO,2025-09-04,2.3620682043478258E7
NCOLO,2025-09-04,2.2364792E7
WY,2025-09-04,2.304980817777778E7
MT,2025-09-04,1.8156649423076924E7
SASK,2025-09-04,1.5722503118644068E7
TX,2025-09-05,7883728.7647058815
NM,2025-09-05,6878350.999999999
SCOLO,2025-09-05,6168645.347826086
NCOLO,2025-09-05,1.6989808E7
WY,2025-09-05,2.34203608E7
MT,2025-09-05,2.2429095653846156E7
SASK,2025-09-05,2.040071776271186E7
TX,2025-09-06,1.4049085999999998E7
NM,2025-09-06,1.2876971E7
SCOLO,2025-09-06,2.0111658391304348E7
NCOLO,2025-09-06,2.3058758E7
WY,2025-09-06,2.3814280444444444E7
MT,2025-09-06,2.208869526923077E7
SASK,2025-09-06,2.1041350203389827E7
TX,2025-09-07,1.9899052117647056E7
NM,2025-09-07,2.0163481052631576E7
SCOLO,2025-09-07,2.15798532173913E7
NCOLO,2025-09-07,1.9874526E7
WY,2025-09-07,2.1613481155555554E7
MT,2025-09-07,1.9988195423076924E7
SASK,2025-09-07,2.0099775016949154E7
TX,2025-09-08,2.0844635294117644E7
NM,2025-09-08,2.227020236842105E7
SCOLO,2025-09-08,2.3249647826086957E7
NCOLO,2025-09-08,2.1151658E7
WY,2025-09-08,2.1560858977777775E7
MT,2025-09-08,1.9569126115384616E7
SASK,2025-09-08,1.8036575288135592E7
TX,2025-09-09,2.3464071999999996E7
NM,2025-09-09,2.4015904263157893E7
SCOLO,2025-09-09,2.31341972173913E7
NCOLO,2025-09-09,2.0673396E7
WY,2025-09-09,2.0839242444444444E7
MT,2025-09-09,2.028884146153846E7
SASK,2025-09-09,1.965287369491525E7
TX,2025-09-10,2.562195194117647E7
NM,2025-09-10,2.4002670105263155E7
SCOLO,2025-09-10,2.3291795652173914E7
NCOLO,2025-09-10,2.2033298E7
WY,2025-09-10,2.1671130266666666E7
MT,2025-09-10,1.9070335384615384E7
SASK,2025-09-10,1.6557934271186441E7
TX,2025-09-11,2.5756074411764704E7
NM,2025-09-11,2.4873029368421048E7
SCOLO,2025-09-11,2.1535320043478258E7
NCOLO,2025-09-11,1.9592562E7
WY,2025-09-11,2.0554813599999998E7
MT,2025-09-11,1.7039644807692308E7
SASK,2025-09-11,1.6619329694915254E7
TX,2025-09-12,2.357740835294117E7
NM,2025-09-12,2.4144866789473683E7
SCOLO,2025-09-12,2.2858553304347824E7
NCOLO,2025-09-12,1.4024278E7
WY,2025-09-12,1.8929542933333334E7
MT,2025-09-12,1.7881408846153844E7
SASK,2025-09-12,1.6272305627118643E7
TX,2025-09-13,1.4160213411764706E7
NM,2025-09-13,1.790229747368421E7
SCOLO,2025-09-13,1.2938071304347824E7
NCOLO,2025-09-13,1.7763428E7
WY,2025-09-13,2.095045582222222E7
MT,2025-09-13,1.3943901615384616E7
SASK,2025-09-13,1.3086889559322035E7
TX,2025-09-14,2.2071266411764704E7
NM,2025-09-14,2.156957810526316E7
SCOLO,2025-09-14,2.136015660869565E7
NCOLO,2025-09-14,1.3138494E7
WY,2025-09-14,1.8390287155555557E7
MT,2025-09-14,1.837654703846154E7
SASK,2025-09-14,1.7529066949152544E7
TX,2025-09-15,2.0164897411764704E7
NM,2025-09-15,2.0924675052631576E7
SCOLO,2025-09-15,2.2567088956521735E7
NCOLO,2025-09-15,2.1601222E7
WY,2025-09-15,1.9868052222222224E7
MT,2025-09-15,1.6048411615384614E7
SASK,2025-09-15,1.642403928813559E7
TX,2025-09-16,2.061473852941176E7
NM,2025-09-16,2.0077209052631576E7
SCOLO,2025-09-16,2.1260286608695652E7
NCOLO,2025-09-16,1.7529498E7
WY,2025-09-16,1.2356016844444444E7
MT,2025-09-16,1.6131943807692306E7
SASK,2025-09-16,1.7597299288135592E7
TX,2025-09-17,1.878757694117647E7
NM,2025-09-17,2.284017294736842E7
SCOLO,2025-09-17,1.6873765E7
NCOLO,2025-09-17,1.5743668E7
WY,2025-09-17,7222890.533333333
MT,2025-09-17,1.9006768730769232E7
SASK,2025-09-17,1.244793694915254E7
TX,2025-09-18,2.00953684117647E7
NM,2025-09-18,2.0266653263157893E7
SCOLO,2025-09-18,1.7784976869565215E7
NCOLO,2025-09-18,1.969996E7
WY,2025-09-18,1.7819248933333334E7
MT,2025-09-18,1.5727025730769228E7
SASK,2025-09-18,9495054.40677966
TX,2025-09-19,2.121782423529412E7
NM,2025-09-19,1.9859236578947365E7
SCOLO,2025-09-19,2.10080322173913E7
NCOLO,2025-09-19,2.1174832E7
WY,2025-09-19,1.9751668E7
MT,2025-09-19,1.8283437884615384E7
SASK,2025-09-19,1.6436770203389829E7
TX,2025-09-20,1.8310708823529407E7
NM,2025-09-20,2.0225828315789472E7
SCOLO,2025-09-20,1.4913109173913045E7
NCOLO,2025-09-20,1.7822598E7
WY,2025-09-20,1.6615366266666666E7
MT,2025-09-20,1.8380283846153848E7
SASK,2025-09-20,1.7050050610169493E7
TX,2025-09-21,2.067833952941176E7
NM,2025-09-21,2.327861547368421E7
SCOLO,2025-09-21,2.1114109695652172E7
NCOLO,2025-09-21,1.8679616E7
WY,2025-09-21,1.9127998933333334E7
MT,2025-09-21,1.8427765115384616E7
SASK,2025-09-21,1.721900677966102E7
TX,2025-09-22,2.085701798525103E7
NM,2025-09-22,2.178033678401264E7
SCOLO,2025-09-22,1.719713018218198E7
NCOLO,2025-09-22,1.7152464573486328E7
WY,2025-09-22,1.6597716129041884E7
MT,2025-09-22,1.0884363842717096E7
SASK,2025-09-22,1.4756531285350734E7
TX,2025-09-23,2.1062551132396024E7
NM,2025-09-23,2.2283054005461037E7
SCOLO,2025-09-23,1.8798330556948453E7
NCOLO,2025-09-23,2508831.426513672
WY,2025-09-23,1.4748504048735894E7
MT,2025-09-23,1.742221823420598E7
SASK,2025-09-23,1.6755443833293332E7
TX,2025-09-24,1.787852439338235E7
NM,2025-09-24,1.5564734319078943E7
SCOLO,2025-09-24,1.6662850817934783E7
NCOLO,2025-09-24,1.75072416875E7
WY,2025-09-24,1.93547432875E7
MT,2025-09-24,1.7880320110576924E7
SASK,2025-09-24,1.6421316636652542E7
TX,2025-09-25,2.0538086345588237E7
NM,2025-09-25,2.2568411927631576E7
SCOLO,2025-09-25,2.1402088135869563E7
NCOLO,2025-09-25,2.0803838875E7
WY,2025-09-25,1.9718790697222225E7
MT,2025-09-25,1.7371245682692308E7
SASK,2025-09-25,1.6050088332627116E7
TX,2025-09-26,1.838540531985294E7
NM,2025-09-26,2.1295861805921048E7
SCOLO,2025-09-26,2.0279609611413043E7
NCOLO,2025-09-26,1.91158114375E7
WY,2025-09-26,1.926251112638889E7
MT,2025-09-26,1.7140496091346152E7
SASK,2025-09-26,1.5449030081567796E7
TX,2025-09-27,1.9113937735294115E7
NM,2025-09-27,1.539148139473684E7
SCOLO,2025-09-27,2.0028820195652172E7
NCOLO,2025-09-27,1.99597575E7
WY,2025-09-27,1.8931836388888888E7
MT,2025-09-27,1.6901211730769232E7
SASK,2025-09-27,1.5077319805084744E7
TX,2025-09-28,1.6118525294117646E7
NM,2025-09-28,1.7229643105263155E7
SCOLO,2025-09-28,1.8950247260869566E7
NCOLO,2025-09-28,1.8912218E7
WY,2025-09-28,1.7687678266666666E7
MT,2025-09-28,1.663445746153846E7
SASK,2025-09-28,1.5296417830508474E7
TX,2025-09-29,1.5016936569852939E7
NM,2025-09-29,1.1038921424342103E7
SCOLO,2025-09-29,1.6410784557065215E7
NCOLO,2025-09-29,1.59330606875E7
WY,2025-09-29,1.7026651620833334E7
MT,2025-09-29,1.6097673802884614E7
SASK,2025-09-29,1.504589516207627E7
TX,2025-09-30,2.073769558455882E7
NM,2025-09-30,2.010453783223684E7
SCOLO,2025-09-30,1.89649641548913E7
NCOLO,2025-09-30,1.78662339375E7
WY,2025-09-30,1.71618455375E7
MT,2025-09-30,1.4309246052884614E7
SASK,2025-09-30,1.433962380190678E7
TX,2025-10-01,2.1470919852941174E7
NM,2025-10-01,1.9588087289473683E7
SCOLO,2025-10-01,1.932413445652174E7
NCOLO,2025-10-01,1.79957895E7
WY,2025-10-01,1.7661671544444446E7
MT,2025-10-01,1.3782054615384618E7
SASK,2025-10-01,1.4049122110169489E7
TX,2025-10-02,2.1051100992647056E7
NM,2025-10-02,1.9822368611842103E7
SCOLO,2025-10-02,1.9532088744565215E7
NCOLO,2025-10-02,1.8716096875E7
WY,2025-10-02,1.7899788741666667E7
MT,2025-10-02,1.5588127490384614E7
SASK,2025-10-02,1.2879834603813559E7
TX,2025-10-03,2.2595227470588237E7
NM,2025-10-03,2.0360613052631576E7
SCOLO,2025-10-03,1.9620587043478258E7
NCOLO,2025-10-03,1.8442465E7
WY,2025-10-03,1.7660391844444446E7
MT,2025-10-03,1.326922546153846E7
SASK,2025-10-03,3930990.2542372877
TX,2025-10-04,2.2419707672794115E7
NM,2025-10-04,2.0859928279605262E7
SCOLO,2025-10-04,1.9222150046195652E7
NCOLO,2025-10-04,1.46978004375E7
WY,2025-10-04,1.1223256304166667E7
MT,2025-10-04,8286648.091346154
SASK,2025-10-04,1.0924291522245761E7
TX,2025-10-05,2.0300340599264704E7
NM,2025-10-05,2.0089440345394738E7
SCOLO,2025-10-05,1.8992892665760867E7
NCOLO,2025-10-05,1.42986641875E7
WY,2025-10-05,6432968.987500001
MT,2025-10-05,1.4290724379807692E7
SASK,2025-10-05,1.2379329407838982E7
TX,2025-10-06,1.8878716110294115E7
NM,2025-10-06,1.722898682236842E7
SCOLO,2025-10-06,5561605.39673913
NCOLO,2025-10-06,5514108.875
WY,2025-10-06,7121934.608333333
MT,2025-10-06,1.5227870451923076E7
SASK,2025-10-06,1.2506050230932202E7
TX,2025-10-07,1.810338222311581E7
NM,2025-10-07,1.1471440158100327E7
SCOLO,2025-10-07,9539517.540251357
NCOLO,2025-10-07,9547744.10546875
WY,2025-10-07,1.706161241657986E7
MT,2025-10-07,1.478953506700721E7
SASK,2025-10-07,1.2952121156316208E7
TX,2025-10-08,1.9371153427159924E7
NM,2025-10-08,1.4677517284745062E7
SCOLO,2025-10-08,1.5129220856827443E7
NCOLO,2025-10-08,1.788658607421875E7
WY,2025-10-08,1.7036329674218748E7
MT,2025-10-08,1.4592516958834134E7
SASK,2025-10-08,1.3269293972523835E7
TX,2025-10-09,1.5032662849537566E7
NM,2025-10-09,1.762776087120939E7
SCOLO,2025-10-09,1.845087651194166E7
NCOLO,2025-10-09,1.6646987555419922E7
WY,2025-10-09,1.6699469999864366E7
MT,2025-10-09,1.420896609388146E7
SASK,2025-10-09,1.2941716470674159E7
TX,2025-10-10,1.7331270117647056E7
NM,2025-10-10,1.759671242105263E7
SCOLO,2025-10-10,1.400361652173913E7
NCOLO,2025-10-10,1.1621476E7
WY,2025-10-10,1.17303192E7
MT,2025-10-10,1.224554596153846E7
SASK,2025-10-10,1.2752230949152542E7
TX,2025-10-11,1.7682596588235296E7
NM,2025-10-11,1.8625354684210524E7
SCOLO,2025-10-11,1.6662297086956521E7
NCOLO,2025-10-11,6016408.0
WY,2025-10-11,9660036.0
MT,2025-10-11,1.0764629923076922E7
SASK,2025-10-11,1.065956633898305E7
TX,2025-10-12,1.1645114235294115E7
NM,2025-10-12,1.0268184526315788E7
SCOLO,2025-10-12,1.727040295652174E7
NCOLO,2025-10-12,1.6956642E7
WY,2025-10-12,1.4381492711111112E7
MT,2025-10-12,8694150.615384616
SASK,2025-10-12,2683782.576271186
TX,2025-10-13,1.8070491176470585E7
NM,2025-10-13,1.2907764736842105E7
SCOLO,2025-10-13,6682706.826086956
NCOLO,2025-10-13,1.3351272E7
WY,2025-10-13,1.5566201244444445E7
MT,2025-10-13,8247905.115384616
SASK,2025-10-13,6861145.593220339
TX,2025-10-14,1.9956625294117644E7
NM,2025-10-14,1.4344718421052631E7
SCOLO,2025-10-14,1.268208756521739E7
NCOLO,2025-10-14,1.4718494E7
WY,2025-10-14,1.4716616933333332E7
MT,2025-10-14,7295490.192307693
SASK,2025-10-14,7168791.389830508
TX,2025-10-15,2.0011455470588233E7
NM,2025-10-15,1.4766251526315788E7
SCOLO,2025-10-15,1.609789308695652E7
NCOLO,2025-10-15,1.4736524E7
WY,2025-10-15,5429970.222222222
MT,2025-10-15,3141667.3846153845
SASK,2025-10-15,6671086.27118644
TX,2025-10-16,1.9179355176470585E7
NM,2025-10-16,1.7523226E7
SCOLO,2025-10-16,1.5007798521739129E7
NCOLO,2025-10-16,1.2860386E7
WY,2025-10-16,6488725.377777779
MT,2025-10-16,3402298.423076923
SASK,2025-10-16,9703386.0
TX,2025-10-17,1.979546070588235E7
NM,2025-10-17,1.8893334842105262E7
SCOLO,2025-10-17,1.727007578260869E7
NCOLO,2025-10-17,1.6314646E7
WY,2025-10-17,1.3913014888888888E7
MT,2025-10-17,1.0639020076923078E7
SASK,2025-10-17,1.0847603322033899E7
TX,2025-10-18,2.0601212352941174E7
NM,2025-10-18,1.9227076684210524E7
SCOLO,2025-10-18,1.6060247434782606E7
NCOLO,2025-10-18,1.3143716E7
WY,2025-10-18,1.2251953155555556E7
MT,2025-10-18,1.2545765153846154E7
SASK,2025-10-18,1.0615180745762711E7
TX,2025-10-19,2.053572270588235E7
NM,2025-10-19,1.875817847368421E7
SCOLO,2025-10-19,1.6906683869565215E7
NCOLO,2025-10-19,1.5815116E7
WY,2025-10-19,1.4477916622222222E7
MT,2025-10-19,6164119.461538462
SASK,2025-10-19,3558167.6271186434
TX,2025-10-20,2.0305417294117644E7
NM,2025-10-20,1.9062841684210524E7
SCOLO,2025-10-20,1.6749437999999998E7
NCOLO,2025-10-20,1.527908E7
WY,2025-10-20,1.2983556844444444E7
MT,2025-10-20,9593781.384615384
SASK,2025-10-20,6408187.186440677
TX,2025-10-21,2.0174997882352937E7
NM,2025-10-21,1.8496805157894734E7
SCOLO,2025-10-21,1.679029E7
NCOLO,2025-10-21,1.563468E7
WY,2025-10-21,1.4249450488888888E7
MT,2025-10-21,1.1866577461538462E7
SASK,2025-10-21,8890211.118644066
TX,2025-10-22,1.958826211764706E7
NM,2025-10-22,1.8128272842105262E7
SCOLO,2025-10-22,1.6400483913043479E7
NCOLO,2025-10-22,1.5391016E7
WY,2025-10-22,1.421910391111111E7
MT,2025-10-22,1.1857922153846154E7
SASK,2025-10-22,9999440.61016949
TX,2025-10-23,1.858818294117647E7
NM,2025-10-23,1.1897694631578946E7
SCOLO,2025-10-23,1.4150225565217389E7
NCOLO,2025-10-23,1.4177588E7
WY,2025-10-23,1.3492990311111113E7
MT,2025-10-23,1.174216546153846E7
SASK,2025-10-23,1.0215326169491526E7
TX,2025-10-24,1.243135211764706E7
NM,2025-10-24,1.5270140263157895E7
SCOLO,2025-10-24,1.3701826565217389E7
NCOLO,2025-10-24,1.4519856E7
WY,2025-10-24,1.3757780755555557E7
MT,2025-10-24,1.1136729153846154E7
SASK,2025-10-24,9703430.271186441
TX,2025-10-25,1.9103850294117644E7
NM,2025-10-25,1.619386736842105E7
SCOLO,2025-10-25,1.218017204347826E7
NCOLO,2025-10-25,1.5027988E7
WY,2025-10-25,1.3526986977777777E7
MT,2025-10-25,8551438.192307692
SASK,2025-10-25,6572357.254237288
TX,2025-10-26,1.9275873529411763E7
NM,2025-10-26,1.7566236421052627E7
SCOLO,2025-10-26,1.101615147826087E7
NCOLO,2025-10-26,1.0932188E7
WY,2025-10-26,1.0099297955555556E7
MT,2025-10-26,1.0864245846153846E7
SASK,2025-10-26,9509730.576271188
TX,2025-10-27,1.9030233294117644E7
NM,2025-10-27,1.7313276631578945E7
SCOLO,2025-10-27,1.2025239217391305E7
NCOLO,2025-10-27,9600004.0
WY,2025-10-27,1.1558059644444445E7
MT,2025-10-27,9644722.0
SASK,2025-10-27,8623962.440677965
TX,2025-10-28,1.864523105882353E7
NM,2025-10-28,1.6439075789473683E7
SCOLO,2025-10-28,1.4275019739130434E7
NCOLO,2025-10-28,1.3881012E7
WY,2025-10-28,1.2309680177777776E7
MT,2025-10-28,1.0947710846153846E7
SASK,2025-10-28,8617145.627118643
TX,2025-10-29,1.8885334E7
NM,2025-10-29,1.738167947368421E7
SCOLO,2025-10-29,1.5603977913043477E7
NCOLO,2025-10-29,1.4115188E7
WY,2025-10-29,1.2267647555555556E7
MT,2025-10-29,8687661.230769232
SASK,2025-10-29,7209894.644067797
TX,2025-10-30,1.843992576470588E7
NM,2025-10-30,1.701259442105263E7
SCOLO,2025-10-30,1.4947678956521736E7
NCOLO,2025-10-30,1.3941068E7
WY,2025-10-30,1.2775694577777779E7
MT,2025-10-30,9676680.692307692
SASK,2025-10-30,5517594.711864406
TX,2025-10-31,1.8115842705882348E7
NM,2025-10-31,1.664657452631579E7
SCOLO,2025-10-31,1.0853428434782607E7
NCOLO,2025-10-31,1.1383732E7
WY,2025-10-31,1.0667153866666665E7
MT,2025-10-31,1.0195697923076924E7
SASK,2025-10-31,7683883.457627119
TX,2025-11-01,1.8226731176470585E7
NM,2025-11-01,1.6469716315789472E7
SCOLO,2025-11-01,1.4492467826086955E7
NCOLO,2025-11-01,1.3315804E7
WY,2025-11-01,1.0749312E7
MT,2025-11-01,9681144.846153846
SASK,2025-11-01,8067024.406779661
TX,2025-11-02,1.819766611764706E7
NM,2025-11-02,1.6298383157894736E7
SCOLO,2025-11-02,1.4286073478260867E7
NCOLO,2025-11-02,1.3566252E7
WY,2025-11-02,1.1958875377777778E7
MT,2025-11-02,9443071.538461538
SASK,2025-11-02,8253591.796610168
TX,2025-11-03,1.8256232588235293E7
NM,2025-11-03,1.6188188315789472E7
SCOLO,2025-11-03,1.3747213130434781E7
NCOLO,2025-11-03,9986536.0
WY,2025-11-03,1.0652518133333333E7
MT,2025-11-03,7699319.384615384
SASK,2025-11-03,7196449.627118642
TX,2025-11-04,1.7686662823529407E7
NM,2025-11-04,1.6041396631578943E7
SCOLO,2025-11-04,1.3608290173913041E7
NCOLO,2025-11-04,1.1894792E7
WY,2025-11-04,1.1057974222222222E7
MT,2025-11-04,7163086.0
SASK,2025-11-04,7795969.288135594
TX,2025-11-05,1.746830482352941E7
NM,2025-11-05,1.6058709578947367E7
SCOLO,2025-11-05,1.382530295652174E7
NCOLO,2025-11-05,1.2390132E7
WY,2025-11-05,1.06789408E7
MT,2025-11-05,6910932.923076923
SASK,2025-11-05,7077173.084745763
TX,2025-11-06,1.7341746470588233E7
NM,2025-11-06,1.5884600842105262E7
SCOLO,2025-11-06,1.2523079826086955E7
NCOLO,2025-11-06,1.2831464E7
WY,2025-11-06,9732919.555555554
MT,2025-11-06,8883366.461538462
SASK,2025-11-06,5529196.5423728805
TX,2025-11-07,1.721098176470588E7
NM,2025-11-07,1.563014778947368E7
SCOLO,2025-11-07,1.3314930173913043E7
NCOLO,2025-11-07,9283040.0
WY,2025-11-07,1.011634311111111E7
MT,2025-11-07,5490556.153846154
SASK,2025-11-07,1662667.9322033895
TX,2025-11-08,1.703520411764706E7
NM,2025-11-08,1.5493327578947367E7
SCOLO,2025-11-08,1.3317986173913041E7
NCOLO,2025-11-08,1.2677932E7
WY,2025-11-08,9169467.555555556
MT,2025-11-08,6666737.076923078
SASK,2025-11-08,4008102.169491525
TX,2025-11-09,1.6836265176470585E7
NM,2025-11-09,1.5389754736842103E7
SCOLO,2025-11-09,1.289477608695652E7
NCOLO,2025-11-09,1.2325236E7
WY,2025-11-09,1.1119910844444444E7
MT,2025-11-09,8006176.153846154
SASK,2025-11-09,6051860.47457627
TX,2025-11-10,1.6834475529411763E7
NM,2025-11-10,1.5132167473684212E7
SCOLO,2025-11-10,1.3062126086956521E7
NCOLO,2025-11-10,1.1967976E7
WY,2025-11-10,9652681.955555556
MT,2025-11-10,3936747.538461539
SASK,2025-11-10,5821952.745762711
TX,2025-11-11,1.6772725647058824E7
NM,2025-11-11,1.5165379052631577E7
SCOLO,2025-11-11,1.2995937739130434E7
NCOLO,2025-11-11,1.1966068E7
WY,2025-11-11,1.05485416E7
MT,2025-11-11,7640521.769230769
SASK,2025-11-11,6509741.491525424
TX,2025-11-12,1.6664978235294117E7
NM,2025-11-12,1.4846923894736841E7
SCOLO,2025-11-12,1.2553080086956521E7
NCOLO,2025-11-12,1.0360672E7
WY,2025-11-12,1.0167931733333334E7
MT,2025-11-12,6636708.615384615
SASK,2025-11-12,6160583.593220339
TX,2025-11-13,1.6079784352941174E7
NM,2025-11-13,1.4315442526315788E7
SCOLO,2025-11-13,1.2482354E7
NCOLO,2025-11-13,1.1553868E7
WY,2025-11-13,1.04455304E7
MT,2025-11-13,8034336.538461538
SASK,2025-11-13,6585750.372881356
TX,2025-11-14,1.5922158588235294E7
NM,2025-11-14,1.4613925052631577E7
SCOLO,2025-11-14,1.2605568173913043E7
NCOLO,2025-11-14,1.0355824E7
WY,2025-11-14,5863087.733333333
MT,2025-11-14,3708222.76923077
SASK,2025-11-14,3927734.5084745763
TX,2025-11-15,1.5479024470588233E7
NM,2025-11-15,1.415878389473684E7
SCOLO,2025-11-15,1.227542060869565E7
NCOLO,2025-11-15,7520376.0
WY,2025-11-15,9927396.711111112
MT,2025-11-15,3955562.846153846
SASK,2025-11-15,6354915.322033898
TX,2025-11-16,1.552568764705882E7
NM,2025-11-16,1.409279094736842E7
SCOLO,2025-11-16,1.2070025739130434E7
NCOLO,2025-11-16,1.0983448E7
WY,2025-11-16,9836840.08888889
MT,2025-11-16,6959030.538461538
SASK,2025-11-16,5545778.644067797
TX,2025-11-17,1.5591426705882352E7
NM,2025-11-17,1.3927272947368419E7
SCOLO,2025-11-17,1.213784156521739E7
NCOLO,2025-11-17,8878452.0
WY,2025-11-17,4206623.555555555
MT,2025-11-17,7185443.461538461
SASK,2025-11-17,3178792.745762712
TX,2025-11-18,1.5200458470588233E7
NM,2025-11-18,1.2802599684210526E7
SCOLO,2025-11-18,1.1102927391304348E7
NCOLO,2025-11-18,8818488.0
WY,2025-11-18,7604928.622222222
MT,2025-11-18,6698114.692307692
SASK,2025-11-18,2616062.1694915253
TX,2025-11-19,1.2061434352941176E7
NM,2025-11-19,7576855.0526315775
SCOLO,2025-11-19,1.0119621391304346E7
NCOLO,2025-11-19,1.0626776E7
WY,2025-11-19,9190812.08888889
MT,2025-11-19,5433807.230769231
SASK,2025-11-19,3005966.440677966
TX,2025-11-20,1.1092181058823528E7
NM,2025-11-20,7952164.842105263
SCOLO,2025-11-20,6454298.608695651
NCOLO,2025-11-20,8575968.0
WY,2025-11-20,7570884.444444445
MT,2025-11-20,7072125.769230768
SASK,2025-11-20,6088872.406779661
TX,2025-11-21,1.5328873294117644E7
NM,2025-11-21,1.3738793789473683E7
SCOLO,2025-11-21,3468843.8260869556
NCOLO,2025-11-21,3871848.0
WY,2025-11-21,8448679.644444445
MT,2025-11-21,7268673.076923078
SASK,2025-11-21,3866873.288135593
TX,2025-11-22,1.4847911411764704E7
NM,2025-11-22,1.3385487263157893E7
SCOLO,2025-11-22,1.1412114782608695E7
NCOLO,2025-11-22,1.0465272E7
WY,2025-11-22,9271928.533333333
MT,2025-11-22,6798397.923076923
SASK,2025-11-22,5202796.20338983
TX,2025-11-23,1.172743788235294E7
NM,2025-11-23,5561068.842105263
SCOLO,2025-11-23,4920790.869565217
NCOLO,2025-11-23,1.0018408E7
WY,2025-11-23,9305617.51111111
MT,2025-11-23,5960965.692307693
SASK,2025-11-23,4929640.406779662
TX,2025-11-24,1.5186320705882352E7
NM,2025-11-24,1.329065042105263E7
SCOLO,2025-11-24,7292154.956521738
NCOLO,2025-11-24,1.0272196E7
WY,2025-11-24,7552939.2
MT,2025-11-24,1550806.2307692308
SASK,2025-11-24,1452207.2542372881
TX,2025-11-25,1.520386882352941E7
NM,2025-11-25,1.3364807999999998E7
SCOLO,2025-11-25,1.128567547826087E7
NCOLO,2025-11-25,1.0367936E7
WY,2025-11-25,9364199.644444443
MT,2025-11-25,6736767.846153846
SASK,2025-11-25,5061187.050847458
TX,2025-11-26,1.4140680941176469E7
NM,2025-11-26,1.2815909789473683E7
SCOLO,2025-11-26,1.0706324E7
NCOLO,2025-11-26,5925272.0
WY,2025-11-26,6203968.088888888
MT,2025-11-26,6281657.538461539
SASK,2025-11-26,4856249.898305085
TX,2025-11-27,1.4595092352941174E7
NM,2025-11-27,1.3159586421052631E7
SCOLO,2025-11-27,1.0953467304347824E7
NCOLO,2025-11-27,6233612.0
WY,2025-11-27,8747004.444444446
MT,2025-11-27,3813398.5384615385
SASK,2025-11-27,2508966.915254237
TX,2025-11-28,1.4006692235294115E7
NM,2025-11-28,9694414.842105262
SCOLO,2025-11-28,9453849.739130434
NCOLO,2025-11-28,7276088.0
WY,2025-11-28,6541322.577777777
MT,2025-11-28,2569622.923076923
SASK,2025-11-28,1850158.6440677966
TX,2025-11-29,1.4801346352941176E7
NM,2025-11-29,1.3132162315789472E7
SCOLO,2025-11-29,1.1090756260869564E7
NCOLO,2025-11-29,1.0234696E7
WY,2025-11-29,9030220.533333333
MT,2025-11-29,6892862.153846154
SASK,2025-11-29,3760749.898305084
TX,2025-11-30,9424149.294117646
NM,2025-11-30,9559971.47368421
SCOLO,2025-11-30,7980161.130434782
NCOLO,2025-11-30,5383404.0
WY,2025-11-30,5389899.822222223
MT,2025-11-30,6778885.076923077
SASK,2025-11-30,5544300.47457627
