"Year","Day","pet_cm","H_oh_MJm-2","H_ot_MJm-2","H_gh_MJm-2","H_gt_MJm-2","site"
2025,1,0.0593834695405899,14.0884383820291,14.0884383820291,4.87063364983868,4.87063364983868,"NM"
2025,2,0.0572001012136426,14.1446384037324,14.1446384037324,4.88369850922863,4.88369850922863,"NM"
2025,3,0.0777139466850175,14.2058452255714,14.2058452255714,4.78489356619671,4.78489356619671,"NM"
2025,4,0.0731695839903744,14.2720372621451,14.2720372621451,4.81298788554447,4.81298788554447,"NM"
2025,5,0.0834605538599015,14.3431907388598,14.3431907388598,4.77154798253944,4.77154798253944,"NM"
2025,6,0.0483251604145994,14.4192796750434,14.4192796750434,4.9343882378483,4.9343882378483,"NM"
2025,7,0.0486130236852952,14.5002758676269,14.5002758676269,4.94354504711023,4.94354504711023,"NM"
2025,8,0.0487979584729784,14.5861488756851,14.5861488756851,4.9548612955761,4.9548612955761,"NM"
2025,9,0.0488765489090634,14.6768660061304,14.6768660061304,4.96829105231508,4.96829105231508,"NM"
2025,10,0.0473111608601788,14.7723923008534,14.7723923008534,4.99068941729861,4.99068941729861,"NM"
2025,11,0.045194076889132,14.8726905256034,14.8726905256034,5.01683839458042,5.01683839458042,"NM"
2025,12,0.0682295414813408,14.9777211608935,14.9777211608935,4.94558923656961,4.94558923656961,"NM"
2025,13,0.0627102513314693,15.0874423952102,15.0874423952102,4.9918233042278,4.9918233042278,"NM"
2025,14,0.0641753783425513,15.2018101207912,15.2018101207912,5.00673804202999,5.00673804202999,"NM"
2025,15,0.0681092073825652,15.320777932228,15.320777932228,5.01180252721952,5.01180252721952,"NM"
2025,16,0.0689765171742403,15.4442971281279,15.4442971281279,5.08781192352102,5.08781192352102,"NM"
2025,17,0.0766602762797096,15.5723167160563,15.5723167160563,5.13530621624054,5.13530621624054,"NM"
2025,18,0.0847993524276334,15.7047834209583,15.7047834209583,5.18345115508673,5.18345115508673,"NM"
2025,19,0.0544118802968172,15.8416416972373,15.8416416972373,5.38825383886115,5.38825383886115,"NM"
2025,20,0.0431098748254458,15.9828337446464,15.9828337446464,5.52070123507295,5.52070123507295,"NM"
2025,21,0.0425417096410757,16.1282995281232,16.1282995281232,5.61261310496739,5.61261310496739,"NM"
2025,22,0.0491927909813756,16.2779768016743,16.2779768016743,5.67950878645414,5.67950878645414,"NM"
2025,23,0.0697493414933763,16.4318011363894,16.4318011363894,5.69417341713829,5.69417341713829,"NM"
2025,24,0.0635074740262692,16.5897059526409,16.5897059526409,5.81665651262259,5.81665651262259,"NM"
2025,25,0.0902593282379076,16.7516225564959,16.7516225564959,5.82063034772396,5.82063034772396,"NM"
2025,26,0.0753093349345258,16.9174801803434,16.9174801803434,5.97354695646317,5.97354695646317,"NM"
2025,27,0.0788598683520785,17.0872060277135,17.0872060277135,6.06494934342946,6.06494934342946,"NM"
2025,28,0.0866419006712419,17.2607253222389,17.2607253222389,6.15396916701357,6.15396916701357,"NM"
2025,29,0.0966315681815761,17.4379613606863,17.4379613606863,6.22303321500315,6.22303321500315,"NM"
2025,30,0.102222826941145,17.6188355699594,17.6188355699594,6.31288468733556,6.31288468733556,"NM"
2025,31,0.103452614337266,17.803267567954,17.803267567954,6.42344964799562,6.42344964799562,"NM"
2025,32,0.122903577333976,17.9911752281241,17.9911752281241,6.45987611469243,6.45987611469243,"NM"
2025,33,0.132977364493392,18.1824747475968,18.1824747475968,6.53815554667446,6.53815554667446,"NM"
2025,34,0.162620478053775,18.3770807186555,18.3770807186555,6.5371632183704,6.5371632183704,"NM"
2025,35,0.177202126917489,18.5749062033943,18.5749062033943,6.60280969750738,6.60280969750738,"NM"
2025,36,0.152866932599683,18.7758628113299,18.7758628113299,6.83128544359545,6.83128544359545,"NM"
2025,37,0.17675592148698,18.9798607797431,18.9798607797431,6.8621094045554,6.8621094045554,"NM"
2025,38,0.172608176957342,19.1868090565109,19.1868090565109,7.01159573714252,7.01159573714252,"NM"
2025,39,0.187544526669801,19.3966153851793,19.3966153851793,7.08458751757346,7.08458751757346,"NM"
2025,40,0.158003608826133,19.609186392017,19.609186392017,7.3443106801046,7.3443106801046,"NM"
2025,41,0.126673995759188,19.8244276747838,19.8244276747838,7.6120274269761,7.6120274269761,"NM"
2025,42,0.126813139031474,20.0422438929438,20.0422438929438,7.7519992494474,7.7519992494474,"NM"
2025,43,0.12520797381999,20.2625388590466,20.2625388590466,7.90087214269864,7.90087214269864,"NM"
2025,44,0.120379036912852,20.4852156310015,20.4852156310015,8.06402155491667,8.06402155491667,"NM"
2025,45,0.114559497966498,20.7101766049656,20.7101766049656,8.22154589827773,8.22154589827773,"NM"
2025,46,0.169635471219872,20.937323608572,20.937323608572,8.16307544414587,8.16307544414587,"NM"
2025,47,0.153638208861661,21.1665579942238,21.1665579942238,8.33922441954772,8.33922441954772,"NM"
2025,48,0.139448300001396,21.3977807321855,21.3977807321855,8.50703030555428,8.50703030555428,"NM"
2025,49,0.170956104508263,21.6308925032088,21.6308925032088,8.49338288117154,8.49338288117154,"NM"
2025,50,0.0948767087058682,21.8657937904365,21.8657937904365,8.87803662595046,8.87803662595046,"NM"
2025,51,0.0849806643477683,22.1023849703366,22.1023849703366,9.0217124600791,9.0217124600791,"NM"
2025,52,0.0941401756805272,22.3405664024269,22.3405664024269,9.10663401554488,9.10663401554488,"NM"
2025,53,0.109266614883127,22.5802385175622,22.5802385175622,9.17290671215216,9.17290671215216,"NM"
2025,54,0.148584045187253,22.8213019045658,22.8213019045658,9.15857286767166,9.15857286767166,"NM"
2025,55,0.196628151412625,23.0636573949992,23.0636573949992,9.08292767679619,9.08292767679619,"NM"
2025,56,0.233889649615165,23.307206145877,23.307206145877,9.04378497532119,9.04378497532119,"NM"
2025,57,0.229081488666527,23.5518497201469,23.5518497201469,9.18359038611504,9.18359038611504,"NM"
2025,58,0.219235032902268,23.7974901647675,23.7974901647675,9.34546043081204,9.34546043081204,"NM"
2025,59,0.196124258672795,24.0440300862322,24.0440300862322,9.56267652187902,9.56267652187902,"NM"
2025,60,0.21269312645634,24.2913727233994,24.2913727233994,9.61436724536966,9.61436724536966,"NM"
2025,61,0.227834876550161,24.5394220175078,24.5394220175078,9.6714476464603,9.6714476464603,"NM"
2025,62,0.237134148422989,24.7880826792643,24.7880826792643,9.75332053655654,9.75332053655654,"NM"
2025,63,0.246631854259183,25.0372602529132,25.0372602529132,9.83442813082599,9.83442813082599,"NM"
2025,64,0.204470611430381,25.286861177204,25.286861177204,10.134937118395,10.134937118395,"NM"
2025,65,0.202460198778636,25.5367928431942,25.5367928431942,10.2652141190874,10.2652141190874,"NM"
2025,66,0.2480372281182,25.7869636488347,25.7869636488347,10.1961078010714,10.1961078010714,"NM"
2025,67,0.240241336885226,26.0372830503002,26.0372830503002,10.3525680100935,10.3525680100935,"NM"
2025,68,0.180248462437957,26.2876616100419,26.2876616100419,10.7183906577054,10.7183906577054,"NM"
2025,69,0.21398011825653,26.5380110415492,26.5380110415492,10.7079317452059,10.7079317452059,"NM"
2025,70,0.253010686962657,26.7882442508254,26.7882442508254,10.6667528086887,10.6667528086887,"NM"
2025,71,0.263229698885095,27.0382753745874,27.0382753745874,10.7454934437344,10.7454934437344,"NM"
2025,72,0.265213480703442,27.2880198152185,27.2880198152185,10.8598774867573,10.8598774867573,"NM"
2025,73,0.266034701382445,27.5373942725073,27.5373942725073,10.9792056528473,10.9792056528473,"NM"
2025,74,0.241044797304493,27.7863167722207,27.7863167722207,11.2086056063889,11.2086056063889,"NM"
2025,75,0.225349448257794,28.0347066915669,28.0347066915669,11.4531039809233,11.4531039809233,"NM"
2025,76,0.262617387484228,28.2824847816124,28.2824847816124,11.4801754296308,11.4801754296308,"NM"
2025,77,0.302414650451905,28.5295731867259,28.5295731867259,11.4902498833773,11.4902498833773,"NM"
2025,78,0.301115325597446,28.7758954611296,28.7758954611296,11.6806401606345,11.6806401606345,"NM"
2025,79,0.212959450166929,29.0213765826445,29.0213765826445,12.2254562399415,12.2254562399415,"NM"
2025,80,0.233055668529571,29.2659429637221,29.2659429637221,12.3322409063364,12.3322409063364,"NM"
2025,81,0.286729547110775,29.5095224598603,29.5095224598603,12.2998898119142,12.2998898119142,"NM"
2025,82,0.313836236545019,29.7520443755052,29.7520443755052,12.3702581795612,12.3702581795612,"NM"
2025,83,0.290837260402634,29.9934394675457,29.9934394675457,12.6560400084408,12.6560400084408,"NM"
2025,84,0.332894207186402,30.233639946507,30.233639946507,12.6633959337165,12.6633959337165,"NM"
2025,85,0.357810352619971,30.4725794755573,30.4725794755573,12.7422625564693,12.7422625564693,"NM"
2025,86,0.356657436381579,30.7101931674364,30.7101931674364,12.9375539845178,12.9375539845178,"NM"
2025,87,0.346265112166687,30.946417579423,30.946417579423,13.1738288203646,13.1738288203646,"NM"
2025,88,0.376544434886487,31.1811907064516,31.1811907064516,13.2303903850899,13.2303903850899,"NM"
2025,89,0.352276078307479,31.4144519724939,31.4144519724939,13.5289154376561,13.5289154376561,"NM"
2025,90,0.338201281046756,31.6461422203168,31.6461422203168,13.7801094197797,13.7801094197797,"NM"
2025,91,0.34686432159002,31.8762036997293,31.8762036997293,13.9341259040094,13.9341259040094,"NM"
2025,92,0.374330994090193,32.1045800544253,32.1045800544253,14.0070565924995,14.0070565924995,"NM"
2025,93,0.331441017946141,32.3312163075334,32.3312163075334,14.3794446312744,14.3794446312744,"NM"
2025,94,0.324628380578124,32.5560588459752,32.5560588459752,14.5967852399875,14.5967852399875,"NM"
2025,95,0.289734129292265,32.7790554037358,32.7790554037358,14.9181748233497,14.9181748233497,"NM"
2025,96,0.238641591992107,33.0001550441456,33.0001550441456,15.2829918285533,15.2829918285533,"NM"
2025,97,0.282467397289992,33.219308141267,33.219308141267,15.319340046452,15.319340046452,"NM"
2025,98,0.349662015120786,33.43646636048,33.43646636048,15.2574533307782,15.2574533307782,"NM"
2025,99,0.403404387889383,33.6515826383532,33.6515826383532,15.2257187400242,15.2257187400242,"NM"
2025,100,0.42636952720446,33.8646111618844,33.8646111618844,15.318027958625,15.318027958625,"NM"
2025,101,0.428087197897441,34.0755073471924,34.0755073471924,15.5028317680764,15.5028317680764,"NM"
2025,102,0.440404497752796,34.2842278177342,34.2842278177342,15.6409829329856,15.6409829329856,"NM"
2025,103,0.488378842433872,34.4907303821218,34.4907303821218,15.6181502902175,15.6181502902175,"NM"
2025,104,0.490857751340669,34.6949740116054,34.6949740116054,15.7996853958451,15.7996853958451,"NM"
2025,105,0.4246580195251,34.8969188172883,34.8969188172883,16.2828249575471,16.2828249575471,"NM"
2025,106,0.424147618964624,35.0965260271348,35.0965260271348,16.4647960613103,16.4647960613103,"NM"
2025,107,0.482631453169944,35.2937579628264,35.2937579628264,16.3881279417192,16.3881279417192,"NM"
2025,108,0.513344475769486,35.4885780165228,35.4885780165228,16.4259128480818,16.4259128480818,"NM"
2025,109,0.445609774098598,35.6809506275754,35.6809506275754,16.9099902950657,16.9099902950657,"NM"
2025,110,0.385707391169084,35.8708412592434,35.8708412592434,17.3356984050542,17.3356984050542,"NM"
2025,111,0.412072556082814,36.0582163754552,36.0582163754552,17.4072910375315,17.4072910375315,"NM"
2025,112,0.458379457574359,36.2430434176589,36.2430434176589,17.3863311308548,17.3863311308548,"NM"
2025,113,0.492385017393087,36.4252907818002,36.4252907818002,17.4087449956609,17.4087449956609,"NM"
2025,114,0.517194403549133,36.6049277954671,36.6049277954671,17.4683313392222,17.4683313392222,"NM"
2025,115,0.526579124982283,36.7819246952359,36.7819246952359,17.5984473725419,17.5984473725419,"NM"
2025,116,0.533668572295841,36.9562526042539,36.9562526042539,17.7384135934633,17.7384135934633,"NM"
2025,117,0.482943914276011,37.1278835100914,37.1278835100914,18.1500070521274,18.1500070521274,"NM"
2025,118,0.540775733614987,37.2967902428951,37.2967902428951,18.04950346406,18.04950346406,"NM"
2025,119,0.510580383670485,37.4629464538729,37.4629464538729,18.3656314240859,18.3656314240859,"NM"
2025,120,0.451993643425258,37.6263265941427,37.6263265941427,18.8037839536199,18.8037839536199,"NM"
2025,121,0.475540600820444,37.7869058939718,37.7869058939718,18.8688903039343,18.8688903039343,"NM"
2025,122,0.511736317704764,37.9446603424388,37.9446603424388,18.8698676867937,18.8698676867937,"NM"
2025,123,0.4388040424472,38.0995666675451,38.0995666675451,19.3674230685547,19.3674230685547,"NM"
2025,124,0.475479590899151,38.251602316806,38.251602316806,19.3732029622582,19.3732029622582,"NM"
2025,125,0.485689965655954,38.4007454383491,38.4007454383491,19.4926213237489,19.4926213237489,"NM"
2025,126,0.445190265291728,38.546974862548,38.546974862548,19.8375468691086,19.8375468691086,"NM"
2025,127,0.456461972532869,38.6902700842213,38.6902700842213,19.9523297750443,19.9523297750443,"NM"
2025,128,0.46297258595658,38.830611245422,38.830611245422,20.0862233304382,20.0862233304382,"NM"
2025,129,0.47916179874711,38.9679791188472,38.9679791188472,20.1751004879176,20.1751004879176,"NM"
2025,130,0.488161217072223,39.1023550918946,39.1023550918946,20.2942125706068,20.2942125706068,"NM"
2025,131,0.505727381550008,39.2337211513906,39.2337211513906,20.3714121452183,20.3714121452183,"NM"
2025,132,0.524640855006211,39.3620598690181,39.3620598690181,20.4388655772098,20.4388655772098,"NM"
2025,133,0.574846092911133,39.4873543874673,39.4873543874673,20.3461451797068,20.3461451797068,"NM"
2025,134,0.6085227960974,39.6095884073323,39.6095884073323,20.3283851536347,20.3283851536347,"NM"
2025,135,0.580519910413642,39.7287461747758,39.7287461747758,20.6258171333432,20.6258171333432,"NM"
2025,136,0.551495415434482,39.8448124699821,39.8448124699821,20.9220878941205,20.9220878941205,"NM"
2025,137,0.57396706649981,39.9577725964153,39.9577725964153,20.9571272360911,20.9571272360911,"NM"
2025,138,0.591601518938694,40.0676123708976,40.0676123708976,21.0134472180432,21.0134472180432,"NM"
2025,139,0.579264507168028,40.174318114521,40.174318114521,21.2221400346743,21.2221400346743,"NM"
2025,140,0.521409166256601,40.2778766444006,40.2778766444006,21.6538636464932,21.6538636464932,"NM"
2025,141,0.540532771063319,40.3782752662757,40.3782752662757,21.7030805642603,21.7030805642603,"NM"
2025,142,0.587298818524876,40.4755017679602,40.4755017679602,21.607347654133,21.607347654133,"NM"
2025,143,0.643892823942243,40.5695444136403,40.5695444136403,21.4487269703983,21.4487269703983,"NM"
2025,144,0.658338628321258,40.6603919390131,40.6603919390131,21.5086514245395,21.5086514245395,"NM"
2025,145,0.665419894459651,40.7480335472549,40.7480335472549,21.6059149420883,21.6059149420883,"NM"
2025,146,0.631976988193632,40.8324589058037,40.8324589058037,21.9181921912788,21.9181921912788,"NM"
2025,147,0.564759791406631,40.9136581439346,40.9136581439346,22.4013049201924,22.4013049201924,"NM"
2025,148,0.585499607602172,40.9916218511039,40.9916218511039,22.4255425524752,22.4255425524752,"NM"
2025,149,0.622287711609772,41.06634107603,41.06634107603,22.3607992362332,22.3607992362332,"NM"
2025,150,0.589964268969843,41.137807326476,41.137807326476,22.6580815177763,22.6580815177763,"NM"
2025,151,0.587219602628011,41.2060125696947,41.2060125696947,22.7974906750763,22.7974906750763,"NM"
2025,152,0.638852844760545,41.2709492334893,41.2709492334893,22.6468701998065,22.6468701998065,"NM"
2025,153,0.673549522908039,41.3326102078414,41.3326102078414,22.5798736846147,22.5798736846147,"NM"
2025,154,0.639883200545408,41.3909888470521,41.3909888470521,22.8817680255595,22.8817680255595,"NM"
2025,155,0.602132902423103,41.4460789723389,41.4460789723389,23.2010809653156,23.2010809653156,"NM"
2025,156,0.600461633113084,41.4978748748274,41.4978748748274,23.325476877206,23.325476877206,"NM"
2025,157,0.655397268740802,41.5463713188732,41.5463713188732,23.143579029586,23.143579029586,"NM"
2025,158,0.677177610772662,41.5915635456485,41.5915635456485,23.1356031380978,23.1356031380978,"NM"
2025,159,0.673287637048469,41.6334472769248,41.6334472769248,23.2661435052342,23.2661435052342,"NM"
2025,160,0.686858942227498,41.672018718982,41.672018718982,23.2985526051302,23.2985526051302,"NM"
2025,161,0.633772165747122,41.7072745665744,41.7072745665744,23.6946968880465,23.6946968880465,"NM"
2025,162,0.636584154416042,41.7392120068838,41.7392120068838,23.7826479139857,23.7826479139857,"NM"
2025,163,0.648276724448832,41.7678287233902,41.7678287233902,23.8199037071161,23.8199037071161,"NM"
2025,164,0.683832368105615,41.7931228995935,41.7931228995935,23.7226378165034,23.7226378165034,"NM"
2025,165,0.71102994083293,41.8150932225208,41.8150932225208,23.6681741489733,23.6681741489733,"NM"
2025,166,0.717548086378157,41.8337388859567,41.8337388859567,23.726103436024,23.726103436024,"NM"
2025,167,0.693182885526833,41.8490595933404,41.8490595933404,23.9508317952125,23.9508317952125,"NM"
2025,168,0.722904595826049,41.8610555602723,41.8610555602723,23.8726206560563,23.8726206560563,"NM"
2025,169,0.749637174528495,41.8697275165843,41.8697275165843,23.8092694172644,23.8092694172644,"NM"
2025,170,0.690468599450668,41.8750767079287,41.8750767079287,24.2201745154749,24.2201745154749,"NM"
2025,171,0.714731638859682,41.8771048968482,41.8771048968482,24.1653491646446,24.1653491646446,"NM"
2025,172,0.743146049355985,41.8758143632966,41.8758143632966,24.0852298270896,24.0852298270896,"NM"
2025,173,0.747312250851744,41.8712079045856,41.8712079045856,24.1375125468556,24.1375125468556,"NM"
2025,174,0.721196259440818,41.8632888347402,41.8632888347402,24.3556627998924,24.3556627998924,"NM"
2025,175,0.680177994171882,41.8520609832532,41.8520609832532,24.654180425209,24.654180425209,"NM"
2025,176,0.663707592609139,41.8375286932356,41.8375286932356,24.8130028445535,24.8130028445535,"NM"
2025,177,0.6604559099345,41.8196968189678,41.8196968189678,24.8964777174752,24.8964777174752,"NM"
2025,178,0.694874035792549,41.7985707228628,41.7985707228628,24.7701930104336,24.7701930104336,"NM"
2025,179,0.687179533108942,41.7741562718604,41.7741562718604,24.8736932465094,24.8736932465094,"NM"
2025,180,0.704119205746681,41.7464598332782,41.7464598332782,24.838244135984,24.838244135984,"NM"
2025,181,0.707574757092963,41.7154882701499,41.7154882701499,24.8750076552867,24.8750076552867,"NM"
2025,182,0.677858239380331,41.6812489360903,41.6812489360903,25.0927404448127,25.0927404448127,"NM"
2025,183,0.645867517000927,41.6437496697291,41.6437496697291,25.3173600754471,25.3173600754471,"NM"
2025,184,0.656610500325937,41.6029987887611,41.6029987887611,25.3076671182645,25.3076671182645,"NM"
2025,185,0.681876797801083,41.5590050836661,41.5590050836661,25.2155990462453,25.2155990462453,"NM"
2025,186,0.721605177542478,41.5117778111547,41.5117778111547,25.0389450760572,25.0389450760572,"NM"
2025,187,0.711080086061224,41.4613266873969,41.4613266873969,25.1381415243216,25.1381415243216,"NM"
2025,188,0.709040347057596,41.4076618810973,41.4076618810973,25.1875597048993,25.1875597048993,"NM"
2025,189,0.713993183780548,41.3507940064771,41.3507940064771,25.1955724877816,25.1955724877816,"NM"
2025,190,0.708976266042791,41.290734116229,41.290734116229,25.2562751909977,25.2562751909977,"NM"
2025,191,0.706018296094342,41.2274936945069,41.2274936945069,25.3028929866584,25.3028929866584,"NM"
2025,192,0.722718028128932,41.1610846500144,41.1610846500144,25.2378472044079,25.2378472044079,"NM"
2025,193,0.702702535315061,41.0915193092547,41.0915193092547,25.3737364999422,25.3737364999422,"NM"
2025,194,0.676072640518375,41.0188104100023,41.0188104100023,25.5421885225649,25.5421885225649,"NM"
2025,195,0.699099639248696,40.9429710950544,40.9429710950544,25.4354402517654,25.4354402517654,"NM"
2025,196,0.695116028489213,40.8640149063186,40.8640149063186,25.4742579633716,25.4742579633716,"NM"
2025,197,0.701369812390866,40.7819557792885,40.7819557792885,25.3780169409253,25.3780169409253,"NM"
2025,198,0.722321482303022,40.6968080379572,40.6968080379572,25.1980204410586,25.1980204410586,"NM"
2025,199,0.709603947834706,40.6085863902131,40.6085863902131,25.202008219047,25.202008219047,"NM"
2025,200,0.70806910400944,40.5173059237603,40.5173059237603,25.1417368155906,25.1417368155906,"NM"
2025,201,0.726155155864087,40.4229821025993,40.4229821025993,24.9707925543154,24.9707925543154,"NM"
2025,202,0.738758345421431,40.3256307641023,40.3256307641023,24.8279838094225,24.8279838094225,"NM"
2025,203,0.72349061509938,40.2252681167109,40.2252681167109,24.836694645611,24.836694645611,"NM"
2025,204,0.711172497343771,40.1219107382796,40.1219107382796,24.826684527075,24.826684527075,"NM"
2025,205,0.705180476354367,40.0155755750868,40.0155755750868,24.7794489629786,24.7794489629786,"NM"
2025,206,0.697085299378598,39.9062799415278,39.9062799415278,24.7413933261226,24.7413933261226,"NM"
2025,207,0.698653470014843,39.7940415205018,39.7940415205018,24.6480868453902,24.6480868453902,"NM"
2025,208,0.712745217431558,39.6788783645029,39.6788783645029,24.4840359152085,24.4840359152085,"NM"
2025,209,0.694708378511459,39.5608088974173,39.5608088974173,24.4935532812297,24.4935532812297,"NM"
2025,210,0.690592042329925,39.4398519170307,39.4398519170307,24.4246321148101,24.4246321148101,"NM"
2025,211,0.695399727682925,39.3160265982442,39.3160265982442,24.3048874609169,24.3048874609169,"NM"
2025,212,0.695322507155118,39.1893524969944,39.1893524969944,24.2096121222208,24.2096121222208,"NM"
2025,213,0.656368809992084,39.059849554873,39.059849554873,24.3225966574563,24.3225966574563,"NM"
2025,214,0.663581257934399,38.9275381044382,38.9275381044382,24.1835688796273,24.1835688796273,"NM"
2025,215,0.685805270610424,38.7924388752076,38.7924388752076,23.9612277602173,23.9612277602173,"NM"
2025,216,0.700775913149521,38.6545730003252,38.6545730003252,23.7761310301336,23.7761310301336,"NM"
2025,217,0.703956262850114,38.5139620238876,38.5139620238876,23.6528461754914,23.6528461754914,"NM"
2025,218,0.716339267554127,38.3706279089218,38.3706279089218,23.4783275082691,23.4783275082691,"NM"
2025,219,0.718799318164842,38.2245930459993,38.2245930459993,23.355226859392,23.355226859392,"NM"
2025,220,0.711195919990751,38.0758802624769,38.0758802624769,23.2837129354419,23.2837129354419,"NM"
2025,221,0.722183822079297,37.9245128323507,37.9245128323507,23.1115071104884,23.1115071104884,"NM"
2025,222,0.733342774952845,37.7705144867131,37.7705144867131,22.9372241446949,22.9372241446949,"NM"
2025,223,0.68490556401246,37.6139094248005,37.6139094248005,23.074986977928,23.074986977928,"NM"
2025,224,0.64622013043516,37.4547223256216,37.4547223256216,23.1602268064293,23.1602268064293,"NM"
2025,225,0.634233787287191,37.2929783601571,37.2929783601571,23.1010435137543,23.1010435137543,"NM"
2025,226,0.658774881693778,37.1287032041195,37.1287032041195,22.8465088198889,22.8465088198889,"NM"
2025,227,0.677071007278718,36.9619230512665,36.9619230512665,22.6237359371568,22.6237359371568,"NM"
2025,228,0.666940776162589,36.7926646272575,36.7926646272575,22.4742449816562,22.4742449816562,"NM"
2025,229,0.642707115541453,36.6209552040474,36.6209552040474,22.3979792264172,22.3979792264172,"NM"
2025,230,0.630781919896183,36.4468226148084,36.4468226148084,22.255761249583,22.255761249583,"NM"
2025,231,0.628775330254437,36.2702952693736,36.2702952693736,22.0601679254013,22.0601679254013,"NM"
2025,232,0.617539628352302,36.0914021701938,36.0914021701938,21.9122358617295,21.9122358617295,"NM"
2025,233,0.59992794637807,35.9101729288011,35.9101729288011,21.7969322942589,21.7969322942589,"NM"
2025,234,0.59461790836801,35.7266377827695,35.7266377827695,21.6158186076142,21.6158186076142,"NM"
2025,235,0.588016071294167,35.5408276131639,35.5408276131639,21.4406107609832,21.4406107609832,"NM"
2025,236,0.573236528533362,35.3527739624679,35.3527739624679,21.3076064435795,21.3076064435795,"NM"
2025,237,0.591284526692326,35.1625090529769,35.1625090529769,21.0009658584345,21.0009658584345,"NM"
2025,238,0.593547402890985,34.9700658056452,34.9700658056452,20.7768210428318,20.7768210428318,"NM"
2025,239,0.557221958281887,34.77547785937,34.77547785937,20.7545478743272,20.7545478743272,"NM"
2025,240,0.567981802397315,34.578779590695,34.578779590695,20.4840935997194,20.4840935997194,"NM"
2025,241,0.595802284502336,34.3800061339132,34.3800061339132,20.1249570718738,20.1249570718738,"NM"
2025,242,0.569597216547462,34.179193401545,34.179193401545,20.0463070804179,20.0463070804179,"NM"
2025,243,0.549090159680277,33.9763781051647,33.9763781051647,19.9379248512726,19.9379248512726,"NM"
2025,244,0.522444657523793,33.771597776545,33.771597776545,19.8614619972954,19.8614619972954,"NM"
2025,245,0.521805163167211,33.5648907890852,33.5648907890852,19.6479281504352,19.6479281504352,"NM"
2025,246,0.512233264160802,33.3562963794841,33.3562963794841,19.480830646696,19.480830646696,"NM"
2025,247,0.514486507615972,33.1458546696155,33.1458546696155,19.2512499814181,19.2512499814181,"NM"
2025,248,0.526989017521113,32.9336066885572,32.9336066885572,18.9680941678738,18.9680941678738,"NM"
2025,249,0.453711272683897,32.7195943947234,32.7195943947234,19.1334488019316,19.1334488019316,"NM"
2025,250,0.44799057882248,32.5038606980413,32.5038606980413,18.9446181356614,18.9446181356614,"NM"
2025,251,0.475390110303401,32.2864494821111,32.2864494821111,18.581600710912,18.581600710912,"NM"
2025,252,0.497004818525256,32.0674056262812,32.0674056262812,18.2495977063985,18.2495977063985,"NM"
2025,253,0.501503186767844,31.8467750275667,31.8467750275667,18.0075010215835,18.0075010215835,"NM"
2025,254,0.480697735201339,31.6246046223339,31.6246046223339,17.8957907222141,17.8957907222141,"NM"
2025,255,0.468903599178595,31.4009424076676,31.4009424076676,17.7375858956181,17.7375858956181,"NM"
2025,256,0.456136917640945,31.1758374623346,31.1758374623346,17.584428411368,17.584428411368,"NM"
2025,257,0.421611981429786,30.9493399672499,30.9493399672499,17.5454433477785,17.5454433477785,"NM"
2025,258,0.446900464688172,30.7215012253508,30.7215012253508,17.1933200742354,17.1933200742354,"NM"
2025,259,0.441952564152555,30.4923736807749,30.4923736807749,16.9870375691027,16.9870375691027,"NM"
2025,260,0.427296620706947,30.2620109372387,30.2620109372387,16.8314452427374,16.8314452427374,"NM"
2025,261,0.411397365553754,30.0304677755074,30.0304677755074,16.6828981170151,16.6828981170151,"NM"
2025,262,0.403472783827024,29.7978001698418,29.7978001698418,16.4929714628738,16.4929714628738,"NM"
2025,263,0.403184424247683,29.5640653033087,29.5640653033087,16.2632867228901,16.2632867228901,"NM"
2025,264,0.407466313293562,29.3293215818354,29.3293215818354,16.0102905483393,16.0102905483393,"NM"
2025,265,0.40143317893665,29.0936286468884,29.0936286468884,15.8116178372236,15.8116178372236,"NM"
2025,266,0.407206570852708,28.857047386655,28.857047386655,15.5524896718192,15.5524896718192,"NM"
2025,267,0.377037708682361,28.6196399456039,28.6196399456039,15.48031001142,15.48031001142,"NM"
2025,268,0.326880076754708,28.381469732304,28.381469732304,15.5188848597164,15.5188848597164,"NM"
2025,269,0.331939840985709,28.1426014253759,28.1426014253759,15.2631840355266,15.2631840355266,"NM"
2025,270,0.358412034319573,27.9031009774566,27.9031009774566,14.8941244711334,14.8941244711334,"NM"
2025,271,0.35253613805799,27.6630356170561,27.6630356170561,14.6984342402142,14.6984342402142,"NM"
2025,272,0.32014182170636,27.4224738481885,27.4224738481885,14.6453323037783,14.6453323037783,"NM"
2025,273,0.297286892416866,27.1814854476632,27.1814854476632,14.5439143081444,14.5439143081444,"NM"
2025,274,0.31621139839887,26.9401414599241,26.9401414599241,14.2162613153493,14.2162613153493,"NM"
2025,275,0.33267179299576,26.6985141893328,26.6985141893328,13.9051955282865,13.9051955282865,"NM"
2025,276,0.332608061611772,26.4566771897933,26.4566771897933,13.6837494566111,13.6837494566111,"NM"
2025,277,0.320501782273558,26.2147052516231,26.2147052516231,13.5262850730016,13.5262850730016,"NM"
2025,278,0.306566311357141,25.972674385585,25.972674385585,13.3800163567825,13.3800163567825,"NM"
2025,279,0.315747956488711,25.730661803998,25.730661803998,13.1132053786637,13.1132053786637,"NM"
2025,280,0.293487386534229,25.4887458988551,25.4887458988551,13.0129653638493,13.0129653638493,"NM"
2025,281,0.25483572819668,25.2470062168869,25.2470062168869,13.0078587283406,13.0078587283406,"NM"
2025,282,0.2629926538628,25.0055234315174,25.0055234315174,12.7461196922181,12.7461196922181,"NM"
2025,283,0.269927943937234,24.7643793116703,24.7643793116703,12.4935784411004,12.4935784411004,"NM"
2025,284,0.263641294064527,24.5236566873935,24.5236566873935,12.3148939516334,12.3148939516334,"NM"
2025,285,0.264531116048607,24.2834394122848,24.2834394122848,12.0988827540136,12.0988827540136,"NM"
2025,286,0.259342232240176,24.0438123227092,24.0438123227092,11.9172764297257,11.9172764297257,"NM"
2025,287,0.239053070637841,23.804861193816,23.804861193816,11.8198230009936,11.8198230009936,"NM"
2025,288,0.233052260956061,23.5666726923734,23.5666726923734,11.6460566100131,11.6460566100131,"NM"
2025,289,0.226557755972836,23.329334326454,23.329334326454,11.4441908314633,11.4441908314633,"NM"
2025,290,0.229568187843674,23.0929343920174,23.0929343920174,11.1925585513803,11.1925585513803,"NM"
2025,291,0.214922699539911,22.8575619164527,22.8575619164527,11.0413155442171,11.0413155442171,"NM"
2025,292,0.193933692497668,22.6233065991541,22.6233065991541,10.9303483769924,10.9303483769924,"NM"
2025,293,0.181228080911731,22.3902587492212,22.3902587492212,10.7760953569055,10.7760953569055,"NM"
2025,294,0.196638481687034,22.1585092203881,22.1585092203881,10.4633168680275,10.4633168680275,"NM"
2025,295,0.167934622740526,21.9281493433009,21.9281493433009,10.4063216408568,10.4063216408568,"NM"
2025,296,0.187626470485764,21.6992708552761,21.6992708552761,10.0751157196401,10.0751157196401,"NM"
2025,297,0.187301517666538,21.471965827688,21.471965827688,9.86248730105491,9.86248730105491,"NM"
2025,298,0.181219454919245,21.2463265911469,21.2463265911469,9.68476987656639,9.68476987656639,"NM"
2025,299,0.16399980079861,21.0224456586406,21.0224456586406,9.57259251452388,9.57259251452388,"NM"
2025,300,0.17007124009338,20.8004156468291,20.8004156468291,9.33310657708053,9.33310657708053,"NM"
2025,301,0.178804771352936,20.580329195689,20.580329195689,9.0844966681534,9.0844966681534,"NM"
2025,302,0.123594926707208,20.3622788867208,20.3622788867208,9.19687544724536,9.19687544724536,"NM"
2025,303,0.116350773168243,20.1463571599374,20.1463571599374,9.04203856823369,9.04203856823369,"NM"
2025,304,0.136512722694933,19.9326562298668,19.9326562298668,8.73169407284758,8.73169407284758,"NM"
2025,305,0.139713120403113,19.7212680008064,19.7212680008064,8.52381067464832,8.52381067464832,"NM"
2025,306,0.123222820260039,19.5122839815759,19.5122839815759,8.43129832718282,8.43129832718282,"NM"
2025,307,0.141010923886237,19.3057952000203,19.3057952000203,8.14804862107004,8.14804862107004,"NM"
2025,308,0.146729283585929,19.1018921175218,19.1018921175218,7.93858525808458,7.93858525808458,"NM"
2025,309,0.155731570140219,18.9006645437792,18.9006645437792,7.71772263238074,7.71772263238074,"NM"
2025,310,0.131307058947275,18.7022015521182,18.7022015521182,7.67407028658858,7.67407028658858,"NM"
2025,311,0.135875312215854,18.5065913955948,18.5065913955948,7.48095400168782,7.48095400168782,"NM"
2025,312,0.129050285996641,18.3139214241545,18.3139214241545,7.35196689151633,7.35196689151633,"NM"
2025,313,0.112883757774092,18.124278003103,18.124278003103,7.27764924640331,7.27764924640331,"NM"
2025,314,0.0937833819554778,17.9377464331456,17.9377464331456,7.22572377274927,7.22572377274927,"NM"
2025,315,0.101170583427419,17.7544108722402,17.7544108722402,7.0271828344118,7.0271828344118,"NM"
2025,316,0.125936680567945,17.5743542595052,17.5743542595052,6.74166970637056,6.74166970637056,"NM"
2025,317,0.123052456608495,17.3976582414106,17.3976582414106,6.60829891742397,6.60829891742397,"NM"
2025,318,0.128051280882751,17.2244031004718,17.2244031004718,6.43905474992999,6.43905474992999,"NM"
2025,319,0.128872233532481,17.0546676866495,17.0546676866495,6.29442129878868,6.29442129878868,"NM"
2025,320,0.129631545079405,16.8885293516482,16.8885293516482,6.21252928920447,6.21252928920447,"NM"
2025,321,0.120313100842053,16.7260638862839,16.7260638862839,6.18029242117279,6.18029242117279,"NM"
2025,322,0.112442410821805,16.5673454610797,16.5673454610797,6.14388919090192,6.14388919090192,"NM"
2025,323,0.109804717612818,16.412446570224,16.412446570224,6.08359152520125,6.08359152520125,"NM"
2025,324,0.106636395827564,16.2614379790076,16.2614379790076,6.02787761307203,6.02787761307203,"NM"
2025,325,0.0881864578010081,16.1143886748331,16.1143886748331,6.05502377225625,6.05502377225625,"NM"
2025,326,0.0865352458040839,15.9713658218686,15.9713658218686,5.99556724531978,5.99556724531978,"NM"
2025,327,0.0883701018035838,15.8324347193924,15.8324347193924,5.91910303309283,5.91910303309283,"NM"
2025,328,0.0920211367682795,15.6976587638516,15.6976587638516,5.83531148649694,5.83531148649694,"NM"
2025,329,0.0900483076553231,15.5670994146326,15.5670994146326,5.78359744679281,5.78359744679281,"NM"
2025,330,0.0811542776346755,15.4408161635173,15.4408161635173,5.77139868664722,5.77139868664722,"NM"
2025,331,0.0706826027443819,15.3188665077712,15.3188665077712,5.77189530258949,5.77189530258949,"NM"
2025,332,0.073317221440477,15.2013059267874,15.2013059267874,5.70064845874521,5.70064845874521,"NM"
2025,333,0.0870167297383259,15.0881878621838,15.0881878621838,5.5721209987895,5.5721209987895,"NM"
2025,334,0.0699672344895459,14.9795637012281,14.9795637012281,5.61365996125929,5.61365996125929,"NM"
2025,335,0.043914693019359,14.8754827634411,14.8754827634411,5.6929290520706,5.6929290520706,"NM"
2025,336,0.0570299038599413,14.7759922902082,14.7759922902082,5.59155620031621,5.59155620031621,"NM"
2025,337,0.0682858720054095,14.6811374372074,14.6811374372074,5.48074334956346,5.48074334956346,"NM"
2025,338,0.0670748792722396,14.5909612694444,14.5909612694444,5.44463041897721,5.44463041897721,"NM"
2025,339,0.0557348063475865,14.5055047586674,14.5055047586674,5.47002592394543,5.47002592394543,"NM"
2025,340,0.0642739266878615,14.4248067829207,14.4248067829207,5.38144719221032,5.38144719221032,"NM"
2025,341,0.0713010606628438,14.3489041279827,14.3489041279827,5.30567017031904,5.30567017031904,"NM"
2025,342,0.0661987071588176,14.2778314904243,14.2778314904243,5.30040986281881,5.30040986281881,"NM"
2025,343,0.0703630384346658,14.2116214820172,14.2116214820172,5.24565912305006,5.24565912305006,"NM"
2025,344,0.0798905877841742,14.1503046352162,14.1503046352162,5.16612257778101,5.16612257778101,"NM"
2025,345,0.0704288924421481,14.0939094094375,14.0939094094375,5.18945608878163,5.18945608878163,"NM"
2025,346,0.0864651290661225,14.0424621978595,14.0424621978595,5.08305351485413,5.08305351485413,"NM"
2025,347,0.07906658635741,13.9959873344718,13.9959873344718,5.09771798103446,5.09771798103446,"NM"
2025,348,0.0775870293711239,13.9545071011117,13.9545071011117,5.08572183912444,5.08572183912444,"NM"
2025,349,0.0543315747463493,13.9180417342324,13.9180417342324,5.19793822662401,5.19793822662401,"NM"
2025,350,0.0621069418572645,13.886609431164,13.886609431164,5.1159900143726,5.1159900143726,"NM"
2025,351,0.073654293042476,13.8602263556429,13.8602263556429,5.01937863632505,5.01937863632505,"NM"
2025,352,0.07732450664428,13.838906642405,13.838906642405,4.9695990376355,4.9695990376355,"NM"
2025,353,0.0663604421028054,13.8226624006572,13.8226624006572,4.99823556225149,4.99823556225149,"NM"
2025,354,0.0851860407358525,13.8115037162681,13.8115037162681,4.87689390025324,4.87689390025324,"NM"
2025,355,0.0795249830423123,13.8054386525414,13.8054386525414,4.88019144940085,4.88019144940085,"NM"
2025,356,0.0686947780401,13.8044732494645,13.8044732494645,4.91355875018049,4.91355875018049,"NM"
2025,357,0.0899970000706867,13.8086115213513,13.8086115213513,4.79071205386362,4.79071205386362,"NM"
2025,358,0.0926099790402795,13.8178554528302,13.8178554528302,4.76228729781628,4.76228729781628,"NM"
2025,359,0.0930253569629542,13.8322049931551,13.8322049931551,4.74581292403404,4.74581292403404,"NM"
2025,360,0.0969593592564969,13.8516580488521,13.8516580488521,4.71639877518182,4.71639877518182,"NM"
2025,361,0.0922965920717477,13.8762104747392,13.8762104747392,4.726150081533,4.726150081533,"NM"
2025,362,0.0933964505736711,13.9058560633936,13.9058560633936,4.71308022132395,4.71308022132395,"NM"
2025,363,0.0654882307624166,13.9405865331631,13.9405865331631,4.84062197575861,4.84062197575861,"NM"
2025,364,0.0451033096077915,13.9803915148531,13.9803915148531,4.92257571139579,4.92257571139579,"NM"
2025,365,0.0591212891371144,14.0252585372422,14.0252585372422,4.86685575264558,4.86685575264558,"NM"
